query_id,query_text,query_class,query_subtype,fact_id,fact_text,gold_relevant,hard_negative_labels,COSINE_SCORE,LOGIT_SCORE,rank_within_query
CQ01,Who works on Project Helix?,answerable,narrow,CF01,Mira works on Project Helix.,True,,0.8259706672092282,,2
CQ01,Who works on Project Helix?,answerable,narrow,CF02,Project Helix uses Go.,False,HN1,0.8195619863423789,,3
CQ01,Who works on Project Helix?,answerable,narrow,CF03,Project Helix depends on Redis.,False,HN1,0.787313835926316,,4
CQ01,Who works on Project Helix?,answerable,narrow,CF04,Project Helix is owned by Apex Labs.,False,HN1,0.8360682132929513,,1
CQ01,Who works on Project Helix?,answerable,narrow,CF05,Project Helix is deployed in Frankfurt.,False,,0.7736519123896431,,6
CQ01,Who works on Project Helix?,answerable,narrow,CF06,Jonas works on Project Cascade.,False,HN2,0.6492206570420074,,16
CQ01,Who works on Project Helix?,answerable,narrow,CF07,Project Cascade uses TypeScript.,False,,0.65365112471554,,13
CQ01,Who works on Project Helix?,answerable,narrow,CF08,Project Cascade depends on Kafka.,False,,0.590679239613194,,29
CQ01,Who works on Project Helix?,answerable,narrow,CF09,Project Cascade is owned by Northwind Systems.,False,,0.5856028177849679,,31
CQ01,Who works on Project Helix?,answerable,narrow,CF10,Project Cascade has status beta.,False,,0.6526547339666667,,14
CQ01,Who works on Project Helix?,answerable,narrow,CF11,Elena works on Project Prism.,False,HN2,0.6288900473713203,,22
CQ01,Who works on Project Helix?,answerable,narrow,CF12,Project Prism uses Kotlin.,False,,0.6679236705855977,,10
CQ01,Who works on Project Helix?,answerable,narrow,CF13,Project Prism depends on Grafana.,False,,0.5672928459664104,,34
CQ01,Who works on Project Helix?,answerable,narrow,CF14,Project Prism currently uses Go for the API layer.,False,,0.6551051632091497,,12
CQ01,Who works on Project Helix?,answerable,narrow,CF15,Project Prism previously used Python for the API layer.,False,,0.6724803328296618,,8
CQ01,Who works on Project Helix?,answerable,narrow,CF16,Theo works on Project Quasar.,False,HN2,0.6430682887348682,,18
CQ01,Who works on Project Helix?,answerable,narrow,CF17,Project Quasar uses Elixir.,False,,0.6435209291890402,,17
CQ01,Who works on Project Helix?,answerable,narrow,CF18,Project Quasar depends on Celery.,False,HN4,0.6091860583785066,,25
CQ01,Who works on Project Helix?,answerable,narrow,CF19,Project Quasar supports feature streaming.,False,,0.6186907740764985,,23
CQ01,Who works on Project Helix?,answerable,narrow,CF20,Project Quasar does NOT support feature streaming.,False,,0.5723675716527616,,33
CQ01,Who works on Project Helix?,answerable,narrow,CF21,Nadia works on Project Ember.,False,,0.650882672435943,,15
CQ01,Who works on Project Helix?,answerable,narrow,CF22,Project Ember uses PostgreSQL in production.,False,,0.601980335823472,,26
CQ01,Who works on Project Helix?,answerable,narrow,CF23,Project Ember uses SQLite in tests.,False,,0.5855769615116657,,32
CQ01,Who works on Project Helix?,answerable,narrow,CF24,Feature auth is enabled by default in Project Ember.,False,,0.5312351114151677,,36
CQ01,Who works on Project Helix?,answerable,narrow,CF25,Feature auth is enabled only when DEBUG_MODE=true in Project Ember.,False,,0.5067363352312779,,38
CQ01,Who works on Project Helix?,answerable,narrow,CF26,Owen works on Project Lattice.,False,,0.6583589242224624,,11
CQ01,Who works on Project Helix?,answerable,narrow,CF27,Project Lattice requires more than 16 GB of memory.,False,,0.546689878722225,,35
CQ01,Who works on Project Helix?,answerable,narrow,CF28,Project Lattice requires less than 16 GB of memory.,False,HN6|HN12,0.5275680441185994,,37
CQ01,Who works on Project Helix?,answerable,narrow,CF29,Project Lattice is deployed in Singapore.,False,,0.6142840591247457,,24
CQ01,Who works on Project Helix?,answerable,narrow,CF30,Priya confirmed migration Lattice-Blue.,False,,0.4650726856514503,,39
CQ01,Who works on Project Helix?,answerable,narrow,CF31,Kai works on Project Flux.,False,,0.6331984060882953,,20
CQ01,Who works on Project Helix?,answerable,narrow,CF32,Project Flux uses Go.,False,HN6,0.6360050295403519,,19
CQ01,Who works on Project Helix?,answerable,narrow,CF33,Kai said that Priya may confirm migration Lattice-Blue.,False,,0.39908165454129635,,40
CQ01,Who works on Project Helix?,answerable,narrow,CF34,Project Flux has status alpha.,False,,0.6320931138708621,,21
CQ01,Who works on Project Helix?,answerable,narrow,CF35,Project Flux is owned by Apex Labs.,False,,0.6901218038911113,,7
CQ01,Who works on Project Helix?,answerable,narrow,CF36,Priya works on Project Harbor.,False,,0.5903954741219772,,30
CQ01,Who works on Project Helix?,answerable,narrow,CF37,Project Harbor uses TypeScript.,False,,0.6705347134542395,,9
CQ01,Who works on Project Helix?,answerable,narrow,CF38,Project Harbor depends on Redis.,False,,0.5979694484213067,,28
CQ01,Who works on Project Helix?,answerable,narrow,CF39,Project Harbor has status GA.,False,,0.6003075816799488,,27
CQ01,Who works on Project Helix?,answerable,narrow,CF40,Project HelixCore uses Ruby.,False,HN5|HN3,0.7740583763466351,,5
CQ02,What language does Project Cascade use?,answerable,narrow,CF01,Mira works on Project Helix.,False,,0.6654182704579686,,14
CQ02,What language does Project Cascade use?,answerable,narrow,CF02,Project Helix uses Go.,False,HN2,0.6622728171343796,,16
CQ02,What language does Project Cascade use?,answerable,narrow,CF03,Project Helix depends on Redis.,False,,0.6165436806947071,,21
CQ02,What language does Project Cascade use?,answerable,narrow,CF04,Project Helix is owned by Apex Labs.,False,,0.5542354099873799,,37
CQ02,What language does Project Cascade use?,answerable,narrow,CF05,Project Helix is deployed in Frankfurt.,False,,0.6642270319570671,,15
CQ02,What language does Project Cascade use?,answerable,narrow,CF06,Jonas works on Project Cascade.,False,HN1,0.7332483267015192,,5
CQ02,What language does Project Cascade use?,answerable,narrow,CF07,Project Cascade uses TypeScript.,True,,0.8646035979812146,,1
CQ02,What language does Project Cascade use?,answerable,narrow,CF08,Project Cascade depends on Kafka.,False,HN1,0.7863807076850228,,3
CQ02,What language does Project Cascade use?,answerable,narrow,CF09,Project Cascade is owned by Northwind Systems.,False,,0.7161731647176562,,9
CQ02,What language does Project Cascade use?,answerable,narrow,CF10,Project Cascade has status beta.,False,HN1,0.8124649966736132,,2
CQ02,What language does Project Cascade use?,answerable,narrow,CF11,Elena works on Project Prism.,False,,0.6206480368933898,,19
CQ02,What language does Project Cascade use?,answerable,narrow,CF12,Project Prism uses Kotlin.,False,HN2,0.7433314659400698,,4
CQ02,What language does Project Cascade use?,answerable,narrow,CF13,Project Prism depends on Grafana.,False,,0.6099235665018196,,24
CQ02,What language does Project Cascade use?,answerable,narrow,CF14,Project Prism currently uses Go for the API layer.,False,,0.7302461350575974,,6
CQ02,What language does Project Cascade use?,answerable,narrow,CF15,Project Prism previously used Python for the API layer.,False,HN4,0.7295000930987868,,7
CQ02,What language does Project Cascade use?,answerable,narrow,CF16,Theo works on Project Quasar.,False,,0.551284086425613,,39
CQ02,What language does Project Cascade use?,answerable,narrow,CF17,Project Quasar uses Elixir.,False,,0.6505390654367454,,17
CQ02,What language does Project Cascade use?,answerable,narrow,CF18,Project Quasar depends on Celery.,False,,0.5830639557575815,,30
CQ02,What language does Project Cascade use?,answerable,narrow,CF19,Project Quasar supports feature streaming.,False,,0.675019437648579,,12
CQ02,What language does Project Cascade use?,answerable,narrow,CF20,Project Quasar does NOT support feature streaming.,False,,0.6143310367356576,,22
CQ02,What language does Project Cascade use?,answerable,narrow,CF21,Nadia works on Project Ember.,False,,0.5867617621609263,,26
CQ02,What language does Project Cascade use?,answerable,narrow,CF22,Project Ember uses PostgreSQL in production.,False,,0.678402406848662,,11
CQ02,What language does Project Cascade use?,answerable,narrow,CF23,Project Ember uses SQLite in tests.,False,HN9,0.6190528018563752,,20
CQ02,What language does Project Cascade use?,answerable,narrow,CF24,Feature auth is enabled by default in Project Ember.,False,,0.5726758003839714,,32
CQ02,What language does Project Cascade use?,answerable,narrow,CF25,Feature auth is enabled only when DEBUG_MODE=true in Project Ember.,False,,0.5514407222574994,,38
CQ02,What language does Project Cascade use?,answerable,narrow,CF26,Owen works on Project Lattice.,False,,0.5582067559268779,,35
CQ02,What language does Project Cascade use?,answerable,narrow,CF27,Project Lattice requires more than 16 GB of memory.,False,HN6,0.5862788965404999,,27
CQ02,What language does Project Cascade use?,answerable,narrow,CF28,Project Lattice requires less than 16 GB of memory.,False,,0.5842868355624056,,28
CQ02,What language does Project Cascade use?,answerable,narrow,CF29,Project Lattice is deployed in Singapore.,False,,0.6129932601257314,,23
CQ02,What language does Project Cascade use?,answerable,narrow,CF30,Priya confirmed migration Lattice-Blue.,False,,0.5579783632251568,,36
CQ02,What language does Project Cascade use?,answerable,narrow,CF31,Kai works on Project Flux.,False,,0.5735336717412157,,31
CQ02,What language does Project Cascade use?,answerable,narrow,CF32,Project Flux uses Go.,False,,0.6679327445478644,,13
CQ02,What language does Project Cascade use?,answerable,narrow,CF33,Kai said that Priya may confirm migration Lattice-Blue.,False,,0.4387622147835429,,40
CQ02,What language does Project Cascade use?,answerable,narrow,CF34,Project Flux has status alpha.,False,,0.6209632305832308,,18
CQ02,What language does Project Cascade use?,answerable,narrow,CF35,Project Flux is owned by Apex Labs.,False,,0.5835815359548727,,29
CQ02,What language does Project Cascade use?,answerable,narrow,CF36,Priya works on Project Harbor.,False,,0.5691310122100275,,33
CQ02,What language does Project Cascade use?,answerable,narrow,CF37,Project Harbor uses TypeScript.,False,HN2|HN3,0.7283161280885765,,8
CQ02,What language does Project Cascade use?,answerable,narrow,CF38,Project Harbor depends on Redis.,False,,0.5926166054887744,,25
CQ02,What language does Project Cascade use?,answerable,narrow,CF39,Project Harbor has status GA.,False,,0.5603085598632155,,34
CQ02,What language does Project Cascade use?,answerable,narrow,CF40,Project HelixCore uses Ruby.,False,HN6,0.6934360695871679,,10
CQ03,What does Project Helix depend on?,answerable,narrow,CF01,Mira works on Project Helix.,False,HN1,0.7530336950007172,,5
CQ03,What does Project Helix depend on?,answerable,narrow,CF02,Project Helix uses Go.,False,HN1,0.8017884580888968,,2
CQ03,What does Project Helix depend on?,answerable,narrow,CF03,Project Helix depends on Redis.,True,,0.8102099432545868,,1
CQ03,What does Project Helix depend on?,answerable,narrow,CF04,Project Helix is owned by Apex Labs.,False,,0.7767778937747625,,3
CQ03,What does Project Helix depend on?,answerable,narrow,CF05,Project Helix is deployed in Frankfurt.,False,,0.737331121614659,,6
CQ03,What does Project Helix depend on?,answerable,narrow,CF06,Jonas works on Project Cascade.,False,,0.5803355286307728,,28
CQ03,What does Project Helix depend on?,answerable,narrow,CF07,Project Cascade uses TypeScript.,False,,0.6893315991304433,,8
CQ03,What does Project Helix depend on?,answerable,narrow,CF08,Project Cascade depends on Kafka.,False,HN2,0.6599647873633563,,11
CQ03,What does Project Helix depend on?,answerable,narrow,CF09,Project Cascade is owned by Northwind Systems.,False,,0.5629888074660276,,32
CQ03,What does Project Helix depend on?,answerable,narrow,CF10,Project Cascade has status beta.,False,,0.6564109578358022,,12
CQ03,What does Project Helix depend on?,answerable,narrow,CF11,Elena works on Project Prism.,False,,0.5523845679376703,,36
CQ03,What does Project Helix depend on?,answerable,narrow,CF12,Project Prism uses Kotlin.,False,,0.6528719396417906,,13
CQ03,What does Project Helix depend on?,answerable,narrow,CF13,Project Prism depends on Grafana.,False,HN2,0.6078863849724878,,23
CQ03,What does Project Helix depend on?,answerable,narrow,CF14,Project Prism currently uses Go for the API layer.,False,,0.673030123576267,,10
CQ03,What does Project Helix depend on?,answerable,narrow,CF15,Project Prism previously used Python for the API layer.,False,,0.6740211516710555,,9
CQ03,What does Project Helix depend on?,answerable,narrow,CF16,Theo works on Project Quasar.,False,,0.5654481727423749,,31
CQ03,What does Project Helix depend on?,answerable,narrow,CF17,Project Quasar uses Elixir.,False,,0.6293094268296145,,19
CQ03,What does Project Helix depend on?,answerable,narrow,CF18,Project Quasar depends on Celery.,False,HN2,0.6498877244217989,,14
CQ03,What does Project Helix depend on?,answerable,narrow,CF19,Project Quasar supports feature streaming.,False,,0.6358661782891323,,16
CQ03,What does Project Helix depend on?,answerable,narrow,CF20,Project Quasar does NOT support feature streaming.,False,HN4,0.6015942113948006,,24
CQ03,What does Project Helix depend on?,answerable,narrow,CF21,Nadia works on Project Ember.,False,,0.5751173034465813,,29
CQ03,What does Project Helix depend on?,answerable,narrow,CF22,Project Ember uses PostgreSQL in production.,False,,0.6352269040182607,,17
CQ03,What does Project Helix depend on?,answerable,narrow,CF23,Project Ember uses SQLite in tests.,False,HN9,0.6124109244590497,,22
CQ03,What does Project Helix depend on?,answerable,narrow,CF24,Feature auth is enabled by default in Project Ember.,False,,0.6001416264275556,,25
CQ03,What does Project Helix depend on?,answerable,narrow,CF25,Feature auth is enabled only when DEBUG_MODE=true in Project Ember.,False,,0.5921323643122132,,26
CQ03,What does Project Helix depend on?,answerable,narrow,CF26,Owen works on Project Lattice.,False,,0.5593360803977903,,33
CQ03,What does Project Helix depend on?,answerable,narrow,CF27,Project Lattice requires more than 16 GB of memory.,False,,0.5546226342682433,,35
CQ03,What does Project Helix depend on?,answerable,narrow,CF28,Project Lattice requires less than 16 GB of memory.,False,HN6,0.5449671117244094,,37
CQ03,What does Project Helix depend on?,answerable,narrow,CF29,Project Lattice is deployed in Singapore.,False,,0.5735340010288776,,30
CQ03,What does Project Helix depend on?,answerable,narrow,CF30,Priya confirmed migration Lattice-Blue.,False,,0.48515707383465195,,39
CQ03,What does Project Helix depend on?,answerable,narrow,CF31,Kai works on Project Flux.,False,,0.5550473082999988,,34
CQ03,What does Project Helix depend on?,answerable,narrow,CF32,Project Flux uses Go.,False,,0.6319755643703024,,18
CQ03,What does Project Helix depend on?,answerable,narrow,CF33,Kai said that Priya may confirm migration Lattice-Blue.,False,,0.3778304545318497,,40
CQ03,What does Project Helix depend on?,answerable,narrow,CF34,Project Flux has status alpha.,False,,0.6183499100062728,,21
CQ03,What does Project Helix depend on?,answerable,narrow,CF35,Project Flux is owned by Apex Labs.,False,,0.6431132506497591,,15
CQ03,What does Project Helix depend on?,answerable,narrow,CF36,Priya works on Project Harbor.,False,,0.5413962765244666,,38
CQ03,What does Project Helix depend on?,answerable,narrow,CF37,Project Harbor uses TypeScript.,False,,0.6931830551000733,,7
CQ03,What does Project Helix depend on?,answerable,narrow,CF38,Project Harbor depends on Redis.,False,HN2|HN3,0.6271644147940957,,20
CQ03,What does Project Helix depend on?,answerable,narrow,CF39,Project Harbor has status GA.,False,,0.5855892823350495,,27
CQ03,What does Project Helix depend on?,answerable,narrow,CF40,Project HelixCore uses Ruby.,False,HN5,0.7609598734603609,,4
CQ04,Where is Project Helix deployed?,answerable,narrow,CF01,Mira works on Project Helix.,False,HN1,0.7560853703553542,,5
CQ04,Where is Project Helix deployed?,answerable,narrow,CF02,Project Helix uses Go.,False,HN1,0.8018537270602591,,2
CQ04,Where is Project Helix deployed?,answerable,narrow,CF03,Project Helix depends on Redis.,False,,0.7685326401742125,,4
CQ04,Where is Project Helix deployed?,answerable,narrow,CF04,Project Helix is owned by Apex Labs.,False,,0.7823518118943352,,3
CQ04,Where is Project Helix deployed?,answerable,narrow,CF05,Project Helix is deployed in Frankfurt.,True,,0.8291647815226325,,1
CQ04,Where is Project Helix deployed?,answerable,narrow,CF06,Jonas works on Project Cascade.,False,HN6,0.5943823318517432,,26
CQ04,Where is Project Helix deployed?,answerable,narrow,CF07,Project Cascade uses TypeScript.,False,,0.6831853771708917,,11
CQ04,Where is Project Helix deployed?,answerable,narrow,CF08,Project Cascade depends on Kafka.,False,,0.6211594317175897,,20
CQ04,Where is Project Helix deployed?,answerable,narrow,CF09,Project Cascade is owned by Northwind Systems.,False,,0.6002443726222252,,24
CQ04,Where is Project Helix deployed?,answerable,narrow,CF10,Project Cascade has status beta.,False,,0.6901278475705862,,8
CQ04,Where is Project Helix deployed?,answerable,narrow,CF11,Elena works on Project Prism.,False,,0.5752626109871465,,31
CQ04,Where is Project Helix deployed?,answerable,narrow,CF12,Project Prism uses Kotlin.,False,,0.6648867848548881,,13
CQ04,Where is Project Helix deployed?,answerable,narrow,CF13,Project Prism depends on Grafana.,False,,0.5508507379818406,,36
CQ04,Where is Project Helix deployed?,answerable,narrow,CF14,Project Prism currently uses Go for the API layer.,False,,0.6840794272953762,,10
CQ04,Where is Project Helix deployed?,answerable,narrow,CF15,Project Prism previously used Python for the API layer.,False,HN4|HN8,0.6842073745641476,,9
CQ04,Where is Project Helix deployed?,answerable,narrow,CF16,Theo works on Project Quasar.,False,,0.5664683215445353,,33
CQ04,Where is Project Helix deployed?,answerable,narrow,CF17,Project Quasar uses Elixir.,False,,0.6156544114332302,,21
CQ04,Where is Project Helix deployed?,answerable,narrow,CF18,Project Quasar depends on Celery.,False,,0.5906757441821903,,28
CQ04,Where is Project Helix deployed?,answerable,narrow,CF19,Project Quasar supports feature streaming.,False,,0.6026763970593528,,23
CQ04,Where is Project Helix deployed?,answerable,narrow,CF20,Project Quasar does NOT support feature streaming.,False,,0.5613297185471365,,34
CQ04,Where is Project Helix deployed?,answerable,narrow,CF21,Nadia works on Project Ember.,False,,0.5975990168325905,,25
CQ04,Where is Project Helix deployed?,answerable,narrow,CF22,Project Ember uses PostgreSQL in production.,False,,0.6530016259993354,,15
CQ04,Where is Project Helix deployed?,answerable,narrow,CF23,Project Ember uses SQLite in tests.,False,HN6,0.6028064681183358,,22
CQ04,Where is Project Helix deployed?,answerable,narrow,CF24,Feature auth is enabled by default in Project Ember.,False,,0.5774030607119414,,30
CQ04,Where is Project Helix deployed?,answerable,narrow,CF25,Feature auth is enabled only when DEBUG_MODE=true in Project Ember.,False,,0.5595495428732875,,35
CQ04,Where is Project Helix deployed?,answerable,narrow,CF26,Owen works on Project Lattice.,False,,0.5841314818025841,,29
CQ04,Where is Project Helix deployed?,answerable,narrow,CF27,Project Lattice requires more than 16 GB of memory.,False,,0.5418050623399321,,37
CQ04,Where is Project Helix deployed?,answerable,narrow,CF28,Project Lattice requires less than 16 GB of memory.,False,,0.5263832547209125,,39
CQ04,Where is Project Helix deployed?,answerable,narrow,CF29,Project Lattice is deployed in Singapore.,False,HN2,0.6729470169338067,,12
CQ04,Where is Project Helix deployed?,answerable,narrow,CF30,Priya confirmed migration Lattice-Blue.,False,,0.5329253311121938,,38
CQ04,Where is Project Helix deployed?,answerable,narrow,CF31,Kai works on Project Flux.,False,,0.5675090893304083,,32
CQ04,Where is Project Helix deployed?,answerable,narrow,CF32,Project Flux uses Go.,False,,0.6337526969785152,,19
CQ04,Where is Project Helix deployed?,answerable,narrow,CF33,Kai said that Priya may confirm migration Lattice-Blue.,False,,0.4190638170319127,,40
CQ04,Where is Project Helix deployed?,answerable,narrow,CF34,Project Flux has status alpha.,False,,0.6346011961790731,,18
CQ04,Where is Project Helix deployed?,answerable,narrow,CF35,Project Flux is owned by Apex Labs.,False,,0.6489766466707403,,16
CQ04,Where is Project Helix deployed?,answerable,narrow,CF36,Priya works on Project Harbor.,False,,0.5925546957777946,,27
CQ04,Where is Project Helix deployed?,answerable,narrow,CF37,Project Harbor uses TypeScript.,False,,0.7139492856160594,,7
CQ04,Where is Project Helix deployed?,answerable,narrow,CF38,Project Harbor depends on Redis.,False,,0.6361588779911902,,17
CQ04,Where is Project Helix deployed?,answerable,narrow,CF39,Project Harbor has status GA.,False,,0.6542101142555161,,14
CQ04,Where is Project Helix deployed?,answerable,narrow,CF40,Project HelixCore uses Ruby.,False,HN5,0.7411721559425768,,6
CQ05,Which person is assigned to Project Prism?,answerable,paraphrase,CF01,Mira works on Project Helix.,False,HN2,0.6287527380275711,,12
CQ05,Which person is assigned to Project Prism?,answerable,paraphrase,CF02,Project Helix uses Go.,False,,0.5952451354685583,,24
CQ05,Which person is assigned to Project Prism?,answerable,paraphrase,CF03,Project Helix depends on Redis.,False,,0.6054067118666133,,20
CQ05,Which person is assigned to Project Prism?,answerable,paraphrase,CF04,Project Helix is owned by Apex Labs.,False,,0.5590887714729492,,34
CQ05,Which person is assigned to Project Prism?,answerable,paraphrase,CF05,Project Helix is deployed in Frankfurt.,False,,0.5598916371882036,,32
CQ05,Which person is assigned to Project Prism?,answerable,paraphrase,CF06,Jonas works on Project Cascade.,False,HN2,0.6384042619815641,,8
CQ05,Which person is assigned to Project Prism?,answerable,paraphrase,CF07,Project Cascade uses TypeScript.,False,,0.6304281843758597,,11
CQ05,Which person is assigned to Project Prism?,answerable,paraphrase,CF08,Project Cascade depends on Kafka.,False,,0.606354274153649,,19
CQ05,Which person is assigned to Project Prism?,answerable,paraphrase,CF09,Project Cascade is owned by Northwind Systems.,False,,0.5733166809527607,,28
CQ05,Which person is assigned to Project Prism?,answerable,paraphrase,CF10,Project Cascade has status beta.,False,,0.641042435157037,,7
CQ05,Which person is assigned to Project Prism?,answerable,paraphrase,CF11,Elena works on Project Prism.,True,,0.7893090605536217,,2
CQ05,Which person is assigned to Project Prism?,answerable,paraphrase,CF12,Project Prism uses Kotlin.,False,HN1,0.7730394687747705,,4
CQ05,Which person is assigned to Project Prism?,answerable,paraphrase,CF13,Project Prism depends on Grafana.,False,HN1,0.7660654614765574,,5
CQ05,Which person is assigned to Project Prism?,answerable,paraphrase,CF14,Project Prism currently uses Go for the API layer.,False,HN4,0.7734853682561998,,3
CQ05,Which person is assigned to Project Prism?,answerable,paraphrase,CF15,Project Prism previously used Python for the API layer.,False,HN4|HN8,0.7957486868674405,,1
CQ05,Which person is assigned to Project Prism?,answerable,paraphrase,CF16,Theo works on Project Quasar.,False,,0.6254997791240697,,14
CQ05,Which person is assigned to Project Prism?,answerable,paraphrase,CF17,Project Quasar uses Elixir.,False,,0.6150347001255109,,16
CQ05,Which person is assigned to Project Prism?,answerable,paraphrase,CF18,Project Quasar depends on Celery.,False,,0.5991555267627614,,22
CQ05,Which person is assigned to Project Prism?,answerable,paraphrase,CF19,Project Quasar supports feature streaming.,False,,0.6026899898400452,,21
CQ05,Which person is assigned to Project Prism?,answerable,paraphrase,CF20,Project Quasar does NOT support feature streaming.,False,,0.5596619602601293,,33
CQ05,Which person is assigned to Project Prism?,answerable,paraphrase,CF21,Nadia works on Project Ember.,False,,0.6238855055537673,,15
CQ05,Which person is assigned to Project Prism?,answerable,paraphrase,CF22,Project Ember uses PostgreSQL in production.,False,,0.5364377840639716,,36
CQ05,Which person is assigned to Project Prism?,answerable,paraphrase,CF23,Project Ember uses SQLite in tests.,False,,0.5282745486849201,,37
CQ05,Which person is assigned to Project Prism?,answerable,paraphrase,CF24,Feature auth is enabled by default in Project Ember.,False,,0.5267096660615024,,38
CQ05,Which person is assigned to Project Prism?,answerable,paraphrase,CF25,Feature auth is enabled only when DEBUG_MODE=true in Project Ember.,False,,0.5031780679028623,,39
CQ05,Which person is assigned to Project Prism?,answerable,paraphrase,CF26,Owen works on Project Lattice.,False,HN2,0.6264352716696902,,13
CQ05,Which person is assigned to Project Prism?,answerable,paraphrase,CF27,Project Lattice requires more than 16 GB of memory.,False,,0.5933696357961488,,25
CQ05,Which person is assigned to Project Prism?,answerable,paraphrase,CF28,Project Lattice requires less than 16 GB of memory.,False,,0.586622796750652,,27
CQ05,Which person is assigned to Project Prism?,answerable,paraphrase,CF29,Project Lattice is deployed in Singapore.,False,,0.6515177887588652,,6
CQ05,Which person is assigned to Project Prism?,answerable,paraphrase,CF30,Priya confirmed migration Lattice-Blue.,False,,0.5428250770168314,,35
CQ05,Which person is assigned to Project Prism?,answerable,paraphrase,CF31,Kai works on Project Flux.,False,,0.63637643945783,,9
CQ05,Which person is assigned to Project Prism?,answerable,paraphrase,CF32,Project Flux uses Go.,False,,0.6098884550838161,,18
CQ05,Which person is assigned to Project Prism?,answerable,paraphrase,CF33,Kai said that Priya may confirm migration Lattice-Blue.,False,HN3,0.4739911249262607,,40
CQ05,Which person is assigned to Project Prism?,answerable,paraphrase,CF34,Project Flux has status alpha.,False,,0.6308335326911187,,10
CQ05,Which person is assigned to Project Prism?,answerable,paraphrase,CF35,Project Flux is owned by Apex Labs.,False,,0.5969152100507162,,23
CQ05,Which person is assigned to Project Prism?,answerable,paraphrase,CF36,Priya works on Project Harbor.,False,,0.5664732742965821,,30
CQ05,Which person is assigned to Project Prism?,answerable,paraphrase,CF37,Project Harbor uses TypeScript.,False,,0.5879149206968144,,26
CQ05,Which person is assigned to Project Prism?,answerable,paraphrase,CF38,Project Harbor depends on Redis.,False,,0.5654188702692112,,31
CQ05,Which person is assigned to Project Prism?,answerable,paraphrase,CF39,Project Harbor has status GA.,False,,0.5732648492200949,,29
CQ05,Which person is assigned to Project Prism?,answerable,paraphrase,CF40,Project HelixCore uses Ruby.,False,HN6,0.6119235143836022,,17
CQ06,What programming language powers Project Quasar?,answerable,paraphrase,CF01,Mira works on Project Helix.,False,,0.639092553354239,,17
CQ06,What programming language powers Project Quasar?,answerable,paraphrase,CF02,Project Helix uses Go.,False,HN2,0.6473517252718995,,14
CQ06,What programming language powers Project Quasar?,answerable,paraphrase,CF03,Project Helix depends on Redis.,False,,0.6229955912223272,,19
CQ06,What programming language powers Project Quasar?,answerable,paraphrase,CF04,Project Helix is owned by Apex Labs.,False,,0.5868456951812715,,26
CQ06,What programming language powers Project Quasar?,answerable,paraphrase,CF05,Project Helix is deployed in Frankfurt.,False,,0.6291151936475584,,18
CQ06,What programming language powers Project Quasar?,answerable,paraphrase,CF06,Jonas works on Project Cascade.,False,,0.5412653780167861,,36
CQ06,What programming language powers Project Quasar?,answerable,paraphrase,CF07,Project Cascade uses TypeScript.,False,HN2,0.6600894813386288,,11
CQ06,What programming language powers Project Quasar?,answerable,paraphrase,CF08,Project Cascade depends on Kafka.,False,,0.6553602020571563,,12
CQ06,What programming language powers Project Quasar?,answerable,paraphrase,CF09,Project Cascade is owned by Northwind Systems.,False,,0.5571534754328938,,32
CQ06,What programming language powers Project Quasar?,answerable,paraphrase,CF10,Project Cascade has status beta.,False,,0.6499756003917818,,13
CQ06,What programming language powers Project Quasar?,answerable,paraphrase,CF11,Elena works on Project Prism.,False,,0.5799562515419063,,27
CQ06,What programming language powers Project Quasar?,answerable,paraphrase,CF12,Project Prism uses Kotlin.,False,HN2,0.6671408107279577,,9
CQ06,What programming language powers Project Quasar?,answerable,paraphrase,CF13,Project Prism depends on Grafana.,False,,0.5977510701394452,,23
CQ06,What programming language powers Project Quasar?,answerable,paraphrase,CF14,Project Prism currently uses Go for the API layer.,False,HN4,0.6793414531961578,,7
CQ06,What programming language powers Project Quasar?,answerable,paraphrase,CF15,Project Prism previously used Python for the API layer.,False,HN8,0.6986823665526263,,6
CQ06,What programming language powers Project Quasar?,answerable,paraphrase,CF16,Theo works on Project Quasar.,False,HN1,0.7365204284940003,,5
CQ06,What programming language powers Project Quasar?,answerable,paraphrase,CF17,Project Quasar uses Elixir.,True,,0.8289305604781432,,1
CQ06,What programming language powers Project Quasar?,answerable,paraphrase,CF18,Project Quasar depends on Celery.,False,HN1,0.7711751299570342,,3
CQ06,What programming language powers Project Quasar?,answerable,paraphrase,CF19,Project Quasar supports feature streaming.,False,,0.8246743649601668,,2
CQ06,What programming language powers Project Quasar?,answerable,paraphrase,CF20,Project Quasar does NOT support feature streaming.,False,HN4|HN7,0.7540072857137633,,4
CQ06,What programming language powers Project Quasar?,answerable,paraphrase,CF21,Nadia works on Project Ember.,False,,0.5399811052755543,,37
CQ06,What programming language powers Project Quasar?,answerable,paraphrase,CF22,Project Ember uses PostgreSQL in production.,False,,0.644752809396542,,16
CQ06,What programming language powers Project Quasar?,answerable,paraphrase,CF23,Project Ember uses SQLite in tests.,False,,0.5704105083321616,,30
CQ06,What programming language powers Project Quasar?,answerable,paraphrase,CF24,Feature auth is enabled by default in Project Ember.,False,,0.5255433625329334,,39
CQ06,What programming language powers Project Quasar?,answerable,paraphrase,CF25,Feature auth is enabled only when DEBUG_MODE=true in Project Ember.,False,,0.5294924989002867,,38
CQ06,What programming language powers Project Quasar?,answerable,paraphrase,CF26,Owen works on Project Lattice.,False,,0.5546402375708251,,33
CQ06,What programming language powers Project Quasar?,answerable,paraphrase,CF27,Project Lattice requires more than 16 GB of memory.,False,,0.6057942570168238,,21
CQ06,What programming language powers Project Quasar?,answerable,paraphrase,CF28,Project Lattice requires less than 16 GB of memory.,False,HN6,0.5967152398487282,,24
CQ06,What programming language powers Project Quasar?,answerable,paraphrase,CF29,Project Lattice is deployed in Singapore.,False,,0.6029399362965469,,22
CQ06,What programming language powers Project Quasar?,answerable,paraphrase,CF30,Priya confirmed migration Lattice-Blue.,False,,0.557991546179481,,31
CQ06,What programming language powers Project Quasar?,answerable,paraphrase,CF31,Kai works on Project Flux.,False,,0.5756511278466879,,28
CQ06,What programming language powers Project Quasar?,answerable,paraphrase,CF32,Project Flux uses Go.,False,,0.6466376761524562,,15
CQ06,What programming language powers Project Quasar?,answerable,paraphrase,CF33,Kai said that Priya may confirm migration Lattice-Blue.,False,,0.46512087031080523,,40
CQ06,What programming language powers Project Quasar?,answerable,paraphrase,CF34,Project Flux has status alpha.,False,,0.5967120563996724,,25
CQ06,What programming language powers Project Quasar?,answerable,paraphrase,CF35,Project Flux is owned by Apex Labs.,False,,0.6100828071247965,,20
CQ06,What programming language powers Project Quasar?,answerable,paraphrase,CF36,Priya works on Project Harbor.,False,,0.5514786796362428,,34
CQ06,What programming language powers Project Quasar?,answerable,paraphrase,CF37,Project Harbor uses TypeScript.,False,,0.6656271315810868,,10
CQ06,What programming language powers Project Quasar?,answerable,paraphrase,CF38,Project Harbor depends on Redis.,False,,0.5752735083274192,,29
CQ06,What programming language powers Project Quasar?,answerable,paraphrase,CF39,Project Harbor has status GA.,False,,0.5415563316300428,,35
CQ06,What programming language powers Project Quasar?,answerable,paraphrase,CF40,Project HelixCore uses Ruby.,False,HN6,0.6753765419040706,,8
CQ07,Does Project Quasar support feature streaming?,answerable,paraphrase,CF01,Mira works on Project Helix.,False,,0.597458660423215,,16
CQ07,Does Project Quasar support feature streaming?,answerable,paraphrase,CF02,Project Helix uses Go.,False,,0.5948968095732011,,18
CQ07,Does Project Quasar support feature streaming?,answerable,paraphrase,CF03,Project Helix depends on Redis.,False,,0.5510756978072736,,27
CQ07,Does Project Quasar support feature streaming?,answerable,paraphrase,CF04,Project Helix is owned by Apex Labs.,False,,0.5207091720093217,,32
CQ07,Does Project Quasar support feature streaming?,answerable,paraphrase,CF05,Project Helix is deployed in Frankfurt.,False,,0.5053594373486429,,38
CQ07,Does Project Quasar support feature streaming?,answerable,paraphrase,CF06,Jonas works on Project Cascade.,False,HN2,0.5052991983429087,,39
CQ07,Does Project Quasar support feature streaming?,answerable,paraphrase,CF07,Project Cascade uses TypeScript.,False,,0.6115655541777452,,15
CQ07,Does Project Quasar support feature streaming?,answerable,paraphrase,CF08,Project Cascade depends on Kafka.,False,,0.6375021086414009,,11
CQ07,Does Project Quasar support feature streaming?,answerable,paraphrase,CF09,Project Cascade is owned by Northwind Systems.,False,,0.5156689199293177,,34
CQ07,Does Project Quasar support feature streaming?,answerable,paraphrase,CF10,Project Cascade has status beta.,False,,0.636904754387774,,12
CQ07,Does Project Quasar support feature streaming?,answerable,paraphrase,CF11,Elena works on Project Prism.,False,,0.5781926486214622,,23
CQ07,Does Project Quasar support feature streaming?,answerable,paraphrase,CF12,Project Prism uses Kotlin.,False,,0.6452236647887114,,9
CQ07,Does Project Quasar support feature streaming?,answerable,paraphrase,CF13,Project Prism depends on Grafana.,False,,0.5423980106852344,,29
CQ07,Does Project Quasar support feature streaming?,answerable,paraphrase,CF14,Project Prism currently uses Go for the API layer.,False,,0.6708986846535848,,6
CQ07,Does Project Quasar support feature streaming?,answerable,paraphrase,CF15,Project Prism previously used Python for the API layer.,False,,0.6502284609920317,,7
CQ07,Does Project Quasar support feature streaming?,answerable,paraphrase,CF16,Theo works on Project Quasar.,False,HN1,0.6843887321403938,,5
CQ07,Does Project Quasar support feature streaming?,answerable,paraphrase,CF17,Project Quasar uses Elixir.,False,HN1,0.7636920902377514,,3
CQ07,Does Project Quasar support feature streaming?,answerable,paraphrase,CF18,Project Quasar depends on Celery.,False,,0.7358759355452881,,4
CQ07,Does Project Quasar support feature streaming?,answerable,paraphrase,CF19,Project Quasar supports feature streaming.,True,,0.9570486333541588,,1
CQ07,Does Project Quasar support feature streaming?,answerable,paraphrase,CF20,Project Quasar does NOT support feature streaming.,False,HN7|HN1,0.8932739022594536,,2
CQ07,Does Project Quasar support feature streaming?,answerable,paraphrase,CF21,Nadia works on Project Ember.,False,,0.5262870971902796,,31
CQ07,Does Project Quasar support feature streaming?,answerable,paraphrase,CF22,Project Ember uses PostgreSQL in production.,False,,0.6477145104794823,,8
CQ07,Does Project Quasar support feature streaming?,answerable,paraphrase,CF23,Project Ember uses SQLite in tests.,False,,0.5811758417328315,,22
CQ07,Does Project Quasar support feature streaming?,answerable,paraphrase,CF24,Feature auth is enabled by default in Project Ember.,False,HN4,0.5614898444915457,,26
CQ07,Does Project Quasar support feature streaming?,answerable,paraphrase,CF25,Feature auth is enabled only when DEBUG_MODE=true in Project Ember.,False,HN4|HN10,0.5843943406126907,,20
CQ07,Does Project Quasar support feature streaming?,answerable,paraphrase,CF26,Owen works on Project Lattice.,False,,0.5150468004013077,,35
CQ07,Does Project Quasar support feature streaming?,answerable,paraphrase,CF27,Project Lattice requires more than 16 GB of memory.,False,,0.5738971341941854,,25
CQ07,Does Project Quasar support feature streaming?,answerable,paraphrase,CF28,Project Lattice requires less than 16 GB of memory.,False,HN6,0.5741202912549,,24
CQ07,Does Project Quasar support feature streaming?,answerable,paraphrase,CF29,Project Lattice is deployed in Singapore.,False,,0.5509004142704182,,28
CQ07,Does Project Quasar support feature streaming?,answerable,paraphrase,CF30,Priya confirmed migration Lattice-Blue.,False,,0.5365026099947825,,30
CQ07,Does Project Quasar support feature streaming?,answerable,paraphrase,CF31,Kai works on Project Flux.,False,,0.5816914492467314,,21
CQ07,Does Project Quasar support feature streaming?,answerable,paraphrase,CF32,Project Flux uses Go.,False,,0.6389914393471302,,10
CQ07,Does Project Quasar support feature streaming?,answerable,paraphrase,CF33,Kai said that Priya may confirm migration Lattice-Blue.,False,,0.4466860515565815,,40
CQ07,Does Project Quasar support feature streaming?,answerable,paraphrase,CF34,Project Flux has status alpha.,False,,0.595348960610975,,17
CQ07,Does Project Quasar support feature streaming?,answerable,paraphrase,CF35,Project Flux is owned by Apex Labs.,False,,0.585595143316084,,19
CQ07,Does Project Quasar support feature streaming?,answerable,paraphrase,CF36,Priya works on Project Harbor.,False,,0.5096405162148757,,36
CQ07,Does Project Quasar support feature streaming?,answerable,paraphrase,CF37,Project Harbor uses TypeScript.,False,,0.61958565249385,,14
CQ07,Does Project Quasar support feature streaming?,answerable,paraphrase,CF38,Project Harbor depends on Redis.,False,,0.520277077217985,,33
CQ07,Does Project Quasar support feature streaming?,answerable,paraphrase,CF39,Project Harbor has status GA.,False,,0.507594709719918,,37
CQ07,Does Project Quasar support feature streaming?,answerable,paraphrase,CF40,Project HelixCore uses Ruby.,False,HN6,0.6264756052928805,,13
CQ08,Does Project Lattice require more than 16 GB of memory?,answerable,paraphrase,CF01,Mira works on Project Helix.,False,HN2,0.5354434595787748,,25
CQ08,Does Project Lattice require more than 16 GB of memory?,answerable,paraphrase,CF02,Project Helix uses Go.,False,,0.5794458565712199,,21
CQ08,Does Project Lattice require more than 16 GB of memory?,answerable,paraphrase,CF03,Project Helix depends on Redis.,False,,0.5494008336846058,,22
CQ08,Does Project Lattice require more than 16 GB of memory?,answerable,paraphrase,CF04,Project Helix is owned by Apex Labs.,False,,0.4744143880523304,,37
CQ08,Does Project Lattice require more than 16 GB of memory?,answerable,paraphrase,CF05,Project Helix is deployed in Frankfurt.,False,,0.5042089661606978,,32
CQ08,Does Project Lattice require more than 16 GB of memory?,answerable,paraphrase,CF06,Jonas works on Project Cascade.,False,,0.518390625157158,,29
CQ08,Does Project Lattice require more than 16 GB of memory?,answerable,paraphrase,CF07,Project Cascade uses TypeScript.,False,,0.6502203462571269,,6
CQ08,Does Project Lattice require more than 16 GB of memory?,answerable,paraphrase,CF08,Project Cascade depends on Kafka.,False,,0.5946112840844497,,15
CQ08,Does Project Lattice require more than 16 GB of memory?,answerable,paraphrase,CF09,Project Cascade is owned by Northwind Systems.,False,,0.48563196499017286,,35
CQ08,Does Project Lattice require more than 16 GB of memory?,answerable,paraphrase,CF10,Project Cascade has status beta.,False,,0.5836037634214178,,19
CQ08,Does Project Lattice require more than 16 GB of memory?,answerable,paraphrase,CF11,Elena works on Project Prism.,False,,0.5196737741854253,,28
CQ08,Does Project Lattice require more than 16 GB of memory?,answerable,paraphrase,CF12,Project Prism uses Kotlin.,False,,0.6489042026805759,,7
CQ08,Does Project Lattice require more than 16 GB of memory?,answerable,paraphrase,CF13,Project Prism depends on Grafana.,False,,0.5386744952722163,,24
CQ08,Does Project Lattice require more than 16 GB of memory?,answerable,paraphrase,CF14,Project Prism currently uses Go for the API layer.,False,,0.6400101968654446,,8
CQ08,Does Project Lattice require more than 16 GB of memory?,answerable,paraphrase,CF15,Project Prism previously used Python for the API layer.,False,,0.6336602722192335,,10
CQ08,Does Project Lattice require more than 16 GB of memory?,answerable,paraphrase,CF16,Theo works on Project Quasar.,False,,0.5198594227060448,,27
CQ08,Does Project Lattice require more than 16 GB of memory?,answerable,paraphrase,CF17,Project Quasar uses Elixir.,False,,0.6107700296002349,,12
CQ08,Does Project Lattice require more than 16 GB of memory?,answerable,paraphrase,CF18,Project Quasar depends on Celery.,False,,0.5834635715034633,,20
CQ08,Does Project Lattice require more than 16 GB of memory?,answerable,paraphrase,CF19,Project Quasar supports feature streaming.,False,,0.6546194254503485,,5
CQ08,Does Project Lattice require more than 16 GB of memory?,answerable,paraphrase,CF20,Project Quasar does NOT support feature streaming.,False,HN6,0.6080641192562037,,13
CQ08,Does Project Lattice require more than 16 GB of memory?,answerable,paraphrase,CF21,Nadia works on Project Ember.,False,,0.4993584938989449,,33
CQ08,Does Project Lattice require more than 16 GB of memory?,answerable,paraphrase,CF22,Project Ember uses PostgreSQL in production.,False,HN4,0.618776068744409,,11
CQ08,Does Project Lattice require more than 16 GB of memory?,answerable,paraphrase,CF23,Project Ember uses SQLite in tests.,False,,0.5942265320474696,,16
CQ08,Does Project Lattice require more than 16 GB of memory?,answerable,paraphrase,CF24,Feature auth is enabled by default in Project Ember.,False,,0.4683224511199719,,39
CQ08,Does Project Lattice require more than 16 GB of memory?,answerable,paraphrase,CF25,Feature auth is enabled only when DEBUG_MODE=true in Project Ember.,False,,0.47415446995743593,,38
CQ08,Does Project Lattice require more than 16 GB of memory?,answerable,paraphrase,CF26,Owen works on Project Lattice.,False,HN1,0.638928618780597,,9
CQ08,Does Project Lattice require more than 16 GB of memory?,answerable,paraphrase,CF27,Project Lattice requires more than 16 GB of memory.,True,,0.928118085459398,,1
CQ08,Does Project Lattice require more than 16 GB of memory?,answerable,paraphrase,CF28,Project Lattice requires less than 16 GB of memory.,False,HN12|HN1,0.912602452778428,,2
CQ08,Does Project Lattice require more than 16 GB of memory?,answerable,paraphrase,CF29,Project Lattice is deployed in Singapore.,False,HN1,0.6927336862616632,,3
CQ08,Does Project Lattice require more than 16 GB of memory?,answerable,paraphrase,CF30,Priya confirmed migration Lattice-Blue.,False,HN4,0.5853103049688794,,18
CQ08,Does Project Lattice require more than 16 GB of memory?,answerable,paraphrase,CF31,Kai works on Project Flux.,False,,0.5157662972809307,,30
CQ08,Does Project Lattice require more than 16 GB of memory?,answerable,paraphrase,CF32,Project Flux uses Go.,False,,0.5862926600484979,,17
CQ08,Does Project Lattice require more than 16 GB of memory?,answerable,paraphrase,CF33,Kai said that Priya may confirm migration Lattice-Blue.,False,HN3|HN11,0.4482095553975673,,40
CQ08,Does Project Lattice require more than 16 GB of memory?,answerable,paraphrase,CF34,Project Flux has status alpha.,False,,0.5340832720981908,,26
CQ08,Does Project Lattice require more than 16 GB of memory?,answerable,paraphrase,CF35,Project Flux is owned by Apex Labs.,False,,0.5048812357963465,,31
CQ08,Does Project Lattice require more than 16 GB of memory?,answerable,paraphrase,CF36,Priya works on Project Harbor.,False,,0.48065272226300865,,36
CQ08,Does Project Lattice require more than 16 GB of memory?,answerable,paraphrase,CF37,Project Harbor uses TypeScript.,False,,0.6686961928073998,,4
CQ08,Does Project Lattice require more than 16 GB of memory?,answerable,paraphrase,CF38,Project Harbor depends on Redis.,False,,0.5475496105202501,,23
CQ08,Does Project Lattice require more than 16 GB of memory?,answerable,paraphrase,CF39,Project Harbor has status GA.,False,,0.4925500812983367,,34
CQ08,Does Project Lattice require more than 16 GB of memory?,answerable,paraphrase,CF40,Project HelixCore uses Ruby.,False,HN6,0.6073819816033665,,14
CQ09,What is related to Project Helix?,answerable,broad,CF01,Mira works on Project Helix.,True,,0.7837644973129254,,3
CQ09,What is related to Project Helix?,answerable,broad,CF02,Project Helix uses Go.,True,,0.8092867870102421,,1
CQ09,What is related to Project Helix?,answerable,broad,CF03,Project Helix depends on Redis.,True,,0.7795904701318701,,4
CQ09,What is related to Project Helix?,answerable,broad,CF04,Project Helix is owned by Apex Labs.,True,,0.808450889709666,,2
CQ09,What is related to Project Helix?,answerable,broad,CF05,Project Helix is deployed in Frankfurt.,True,,0.7619170845470442,,6
CQ09,What is related to Project Helix?,answerable,broad,CF06,Jonas works on Project Cascade.,False,HN2,0.5884517772090784,,25
CQ09,What is related to Project Helix?,answerable,broad,CF07,Project Cascade uses TypeScript.,False,,0.6775095067256102,,8
CQ09,What is related to Project Helix?,answerable,broad,CF08,Project Cascade depends on Kafka.,False,,0.6069605346707534,,20
CQ09,What is related to Project Helix?,answerable,broad,CF09,Project Cascade is owned by Northwind Systems.,False,,0.577234379622213,,29
CQ09,What is related to Project Helix?,answerable,broad,CF10,Project Cascade has status beta.,False,,0.6574479908782015,,13
CQ09,What is related to Project Helix?,answerable,broad,CF11,Elena works on Project Prism.,False,,0.5744291380860285,,30
CQ09,What is related to Project Helix?,answerable,broad,CF12,Project Prism uses Kotlin.,False,,0.6588679922398282,,11
CQ09,What is related to Project Helix?,answerable,broad,CF13,Project Prism depends on Grafana.,False,,0.5827087670521195,,28
CQ09,What is related to Project Helix?,answerable,broad,CF14,Project Prism currently uses Go for the API layer.,False,HN4,0.6684034389051741,,10
CQ09,What is related to Project Helix?,answerable,broad,CF15,Project Prism previously used Python for the API layer.,False,HN4,0.6875062951407616,,7
CQ09,What is related to Project Helix?,answerable,broad,CF16,Theo works on Project Quasar.,False,,0.5742570440816829,,31
CQ09,What is related to Project Helix?,answerable,broad,CF17,Project Quasar uses Elixir.,False,,0.630142224127744,,14
CQ09,What is related to Project Helix?,answerable,broad,CF18,Project Quasar depends on Celery.,False,,0.6090295676415086,,19
CQ09,What is related to Project Helix?,answerable,broad,CF19,Project Quasar supports feature streaming.,False,,0.6180668852771645,,17
CQ09,What is related to Project Helix?,answerable,broad,CF20,Project Quasar does NOT support feature streaming.,False,HN6,0.573247787875572,,33
CQ09,What is related to Project Helix?,answerable,broad,CF21,Nadia works on Project Ember.,False,,0.5850987074153093,,27
CQ09,What is related to Project Helix?,answerable,broad,CF22,Project Ember uses PostgreSQL in production.,False,,0.6112956774432425,,18
CQ09,What is related to Project Helix?,answerable,broad,CF23,Project Ember uses SQLite in tests.,False,HN4,0.5866298515357687,,26
CQ09,What is related to Project Helix?,answerable,broad,CF24,Feature auth is enabled by default in Project Ember.,False,,0.5682014894111952,,34
CQ09,What is related to Project Helix?,answerable,broad,CF25,Feature auth is enabled only when DEBUG_MODE=true in Project Ember.,False,,0.5299506016486794,,38
CQ09,What is related to Project Helix?,answerable,broad,CF26,Owen works on Project Lattice.,False,,0.5919641675139161,,22
CQ09,What is related to Project Helix?,answerable,broad,CF27,Project Lattice requires more than 16 GB of memory.,False,,0.5536831709550448,,35
CQ09,What is related to Project Helix?,answerable,broad,CF28,Project Lattice requires less than 16 GB of memory.,False,HN6|HN12,0.5436734648929976,,37
CQ09,What is related to Project Helix?,answerable,broad,CF29,Project Lattice is deployed in Singapore.,False,,0.6009982202345652,,21
CQ09,What is related to Project Helix?,answerable,broad,CF30,Priya confirmed migration Lattice-Blue.,False,,0.47035506424983003,,39
CQ09,What is related to Project Helix?,answerable,broad,CF31,Kai works on Project Flux.,False,,0.57419079959599,,32
CQ09,What is related to Project Helix?,answerable,broad,CF32,Project Flux uses Go.,False,,0.6275540636448576,,15
CQ09,What is related to Project Helix?,answerable,broad,CF33,Kai said that Priya may confirm migration Lattice-Blue.,False,HN11,0.3887019849022777,,40
CQ09,What is related to Project Helix?,answerable,broad,CF34,Project Flux has status alpha.,False,,0.6216664080247454,,16
CQ09,What is related to Project Helix?,answerable,broad,CF35,Project Flux is owned by Apex Labs.,False,,0.657870146834153,,12
CQ09,What is related to Project Helix?,answerable,broad,CF36,Priya works on Project Harbor.,False,,0.5534132726435986,,36
CQ09,What is related to Project Helix?,answerable,broad,CF37,Project Harbor uses TypeScript.,False,,0.6768764510048408,,9
CQ09,What is related to Project Helix?,answerable,broad,CF38,Project Harbor depends on Redis.,False,,0.5902056264507775,,24
CQ09,What is related to Project Helix?,answerable,broad,CF39,Project Harbor has status GA.,False,,0.5904853108821505,,23
CQ09,What is related to Project Helix?,answerable,broad,CF40,Project HelixCore uses Ruby.,False,HN5|HN3,0.7690593051508077,,5
CQ10,What should I know about Project Cascade?,answerable,broad,CF01,Mira works on Project Helix.,False,HN2,0.6793191355211049,,7
CQ10,What should I know about Project Cascade?,answerable,broad,CF02,Project Helix uses Go.,False,,0.6367847057229694,,18
CQ10,What should I know about Project Cascade?,answerable,broad,CF03,Project Helix depends on Redis.,False,,0.6375603731223571,,17
CQ10,What should I know about Project Cascade?,answerable,broad,CF04,Project Helix is owned by Apex Labs.,False,,0.5611907183254684,,36
CQ10,What should I know about Project Cascade?,answerable,broad,CF05,Project Helix is deployed in Frankfurt.,False,,0.632683213702686,,20
CQ10,What should I know about Project Cascade?,answerable,broad,CF06,Jonas works on Project Cascade.,True,,0.7581448479921836,,4
CQ10,What should I know about Project Cascade?,answerable,broad,CF07,Project Cascade uses TypeScript.,True,,0.8050327306047417,,2
CQ10,What should I know about Project Cascade?,answerable,broad,CF08,Project Cascade depends on Kafka.,True,,0.8020660497364387,,3
CQ10,What should I know about Project Cascade?,answerable,broad,CF09,Project Cascade is owned by Northwind Systems.,True,,0.7318223518620189,,5
CQ10,What should I know about Project Cascade?,answerable,broad,CF10,Project Cascade has status beta.,True,,0.8308353013071565,,1
CQ10,What should I know about Project Cascade?,answerable,broad,CF11,Elena works on Project Prism.,False,,0.6403720515325333,,15
CQ10,What should I know about Project Cascade?,answerable,broad,CF12,Project Prism uses Kotlin.,False,,0.6749845878942357,,8
CQ10,What should I know about Project Cascade?,answerable,broad,CF13,Project Prism depends on Grafana.,False,,0.6382311013569637,,16
CQ10,What should I know about Project Cascade?,answerable,broad,CF14,Project Prism currently uses Go for the API layer.,False,,0.6869804141571213,,6
CQ10,What should I know about Project Cascade?,answerable,broad,CF15,Project Prism previously used Python for the API layer.,False,HN4,0.6661221780188089,,10
CQ10,What should I know about Project Cascade?,answerable,broad,CF16,Theo works on Project Quasar.,False,,0.5609327467056732,,37
CQ10,What should I know about Project Cascade?,answerable,broad,CF17,Project Quasar uses Elixir.,False,,0.6329720128462453,,19
CQ10,What should I know about Project Cascade?,answerable,broad,CF18,Project Quasar depends on Celery.,False,,0.6138707485456193,,25
CQ10,What should I know about Project Cascade?,answerable,broad,CF19,Project Quasar supports feature streaming.,False,,0.6494698186821836,,13
CQ10,What should I know about Project Cascade?,answerable,broad,CF20,Project Quasar does NOT support feature streaming.,False,HN6|HN7,0.5879693790438609,,32
CQ10,What should I know about Project Cascade?,answerable,broad,CF21,Nadia works on Project Ember.,False,,0.6213609810655455,,22
CQ10,What should I know about Project Cascade?,answerable,broad,CF22,Project Ember uses PostgreSQL in production.,False,,0.6254985187328257,,21
CQ10,What should I know about Project Cascade?,answerable,broad,CF23,Project Ember uses SQLite in tests.,False,,0.6037587416198585,,28
CQ10,What should I know about Project Cascade?,answerable,broad,CF24,Feature auth is enabled by default in Project Ember.,False,,0.572134250171401,,35
CQ10,What should I know about Project Cascade?,answerable,broad,CF25,Feature auth is enabled only when DEBUG_MODE=true in Project Ember.,False,,0.5479156044745978,,38
CQ10,What should I know about Project Cascade?,answerable,broad,CF26,Owen works on Project Lattice.,False,,0.5756078566668081,,33
CQ10,What should I know about Project Cascade?,answerable,broad,CF27,Project Lattice requires more than 16 GB of memory.,False,,0.5898046456533231,,30
CQ10,What should I know about Project Cascade?,answerable,broad,CF28,Project Lattice requires less than 16 GB of memory.,False,HN6,0.589983897112588,,29
CQ10,What should I know about Project Cascade?,answerable,broad,CF29,Project Lattice is deployed in Singapore.,False,,0.6052660797539786,,27
CQ10,What should I know about Project Cascade?,answerable,broad,CF30,Priya confirmed migration Lattice-Blue.,False,,0.5433516390279343,,39
CQ10,What should I know about Project Cascade?,answerable,broad,CF31,Kai works on Project Flux.,False,,0.6185777107626851,,23
CQ10,What should I know about Project Cascade?,answerable,broad,CF32,Project Flux uses Go.,False,,0.6549645397153692,,12
CQ10,What should I know about Project Cascade?,answerable,broad,CF33,Kai said that Priya may confirm migration Lattice-Blue.,False,HN11,0.4465620579210163,,40
CQ10,What should I know about Project Cascade?,answerable,broad,CF34,Project Flux has status alpha.,False,,0.6557741662081636,,11
CQ10,What should I know about Project Cascade?,answerable,broad,CF35,Project Flux is owned by Apex Labs.,False,,0.6055018315600403,,26
CQ10,What should I know about Project Cascade?,answerable,broad,CF36,Priya works on Project Harbor.,False,,0.5890360932325446,,31
CQ10,What should I know about Project Cascade?,answerable,broad,CF37,Project Harbor uses TypeScript.,False,HN3,0.6695304810319131,,9
CQ10,What should I know about Project Cascade?,answerable,broad,CF38,Project Harbor depends on Redis.,False,,0.6182785582429958,,24
CQ10,What should I know about Project Cascade?,answerable,broad,CF39,Project Harbor has status GA.,False,,0.573611824314973,,34
CQ10,What should I know about Project Cascade?,answerable,broad,CF40,Project HelixCore uses Ruby.,False,HN6,0.6491153406850906,,14
CQ11,What components are associated with Project Ember?,answerable,broad,CF01,Mira works on Project Helix.,False,HN6,0.5970354578505896,,16
CQ11,What components are associated with Project Ember?,answerable,broad,CF02,Project Helix uses Go.,False,,0.5799624672159643,,18
CQ11,What components are associated with Project Ember?,answerable,broad,CF03,Project Helix depends on Redis.,False,,0.5781490051350245,,20
CQ11,What components are associated with Project Ember?,answerable,broad,CF04,Project Helix is owned by Apex Labs.,False,,0.539340666051508,,31
CQ11,What components are associated with Project Ember?,answerable,broad,CF05,Project Helix is deployed in Frankfurt.,False,,0.5581184314373822,,24
CQ11,What components are associated with Project Ember?,answerable,broad,CF06,Jonas works on Project Cascade.,False,,0.5797568803312325,,19
CQ11,What components are associated with Project Ember?,answerable,broad,CF07,Project Cascade uses TypeScript.,False,,0.6940947614263159,,6
CQ11,What components are associated with Project Ember?,answerable,broad,CF08,Project Cascade depends on Kafka.,False,,0.6072957506372996,,14
CQ11,What components are associated with Project Ember?,answerable,broad,CF09,Project Cascade is owned by Northwind Systems.,False,,0.5211088765203802,,34
CQ11,What components are associated with Project Ember?,answerable,broad,CF10,Project Cascade has status beta.,False,,0.6329755523388407,,11
CQ11,What components are associated with Project Ember?,answerable,broad,CF11,Elena works on Project Prism.,False,,0.5724794624775691,,21
CQ11,What components are associated with Project Ember?,answerable,broad,CF12,Project Prism uses Kotlin.,False,,0.6441728499382814,,9
CQ11,What components are associated with Project Ember?,answerable,broad,CF13,Project Prism depends on Grafana.,False,,0.5456779973008479,,30
CQ11,What components are associated with Project Ember?,answerable,broad,CF14,Project Prism currently uses Go for the API layer.,False,,0.6302738650876177,,12
CQ11,What components are associated with Project Ember?,answerable,broad,CF15,Project Prism previously used Python for the API layer.,False,HN8,0.6330258984914284,,10
CQ11,What components are associated with Project Ember?,answerable,broad,CF16,Theo works on Project Quasar.,False,,0.5086532020517772,,38
CQ11,What components are associated with Project Ember?,answerable,broad,CF17,Project Quasar uses Elixir.,False,,0.6071531606110103,,15
CQ11,What components are associated with Project Ember?,answerable,broad,CF18,Project Quasar depends on Celery.,False,,0.5510661108212925,,27
CQ11,What components are associated with Project Ember?,answerable,broad,CF19,Project Quasar supports feature streaming.,False,,0.6133185633460726,,13
CQ11,What components are associated with Project Ember?,answerable,broad,CF20,Project Quasar does NOT support feature streaming.,False,HN7,0.5233616538720571,,33
CQ11,What components are associated with Project Ember?,answerable,broad,CF21,Nadia works on Project Ember.,True,,0.6955261429033148,,5
CQ11,What components are associated with Project Ember?,answerable,broad,CF22,Project Ember uses PostgreSQL in production.,True,,0.7533239940913867,,1
CQ11,What components are associated with Project Ember?,answerable,broad,CF23,Project Ember uses SQLite in tests.,False,HN9,0.7217849041026562,,3
CQ11,What components are associated with Project Ember?,answerable,broad,CF24,Feature auth is enabled by default in Project Ember.,True,,0.736736535227415,,2
CQ11,What components are associated with Project Ember?,answerable,broad,CF25,Feature auth is enabled only when DEBUG_MODE=true in Project Ember.,False,HN10,0.7057988264528477,,4
CQ11,What components are associated with Project Ember?,answerable,broad,CF26,Owen works on Project Lattice.,False,,0.5303077687799096,,32
CQ11,What components are associated with Project Ember?,answerable,broad,CF27,Project Lattice requires more than 16 GB of memory.,False,,0.5518826196611952,,26
CQ11,What components are associated with Project Ember?,answerable,broad,CF28,Project Lattice requires less than 16 GB of memory.,False,HN12,0.5467963006795221,,28
CQ11,What components are associated with Project Ember?,answerable,broad,CF29,Project Lattice is deployed in Singapore.,False,,0.5627993365341175,,23
CQ11,What components are associated with Project Ember?,answerable,broad,CF30,Priya confirmed migration Lattice-Blue.,False,,0.5172419180992237,,36
CQ11,What components are associated with Project Ember?,answerable,broad,CF31,Kai works on Project Flux.,False,,0.5098052343397025,,37
CQ11,What components are associated with Project Ember?,answerable,broad,CF32,Project Flux uses Go.,False,,0.57004343056676,,22
CQ11,What components are associated with Project Ember?,answerable,broad,CF33,Kai said that Priya may confirm migration Lattice-Blue.,False,HN11,0.37833591063097427,,40
CQ11,What components are associated with Project Ember?,answerable,broad,CF34,Project Flux has status alpha.,False,,0.5821904054344093,,17
CQ11,What components are associated with Project Ember?,answerable,broad,CF35,Project Flux is owned by Apex Labs.,False,,0.5539444490854136,,25
CQ11,What components are associated with Project Ember?,answerable,broad,CF36,Priya works on Project Harbor.,False,,0.519937726990019,,35
CQ11,What components are associated with Project Ember?,answerable,broad,CF37,Project Harbor uses TypeScript.,False,,0.6935513048459089,,7
CQ11,What components are associated with Project Ember?,answerable,broad,CF38,Project Harbor depends on Redis.,False,,0.5459350932123871,,29
CQ11,What components are associated with Project Ember?,answerable,broad,CF39,Project Harbor has status GA.,False,,0.5066206651375539,,39
CQ11,What components are associated with Project Ember?,answerable,broad,CF40,Project HelixCore uses Ruby.,False,HN6,0.6725010950356695,,8
CQ12,Tell me about Project Flux.,answerable,broad,CF01,Mira works on Project Helix.,False,HN2,0.7078554236086293,,5
CQ12,Tell me about Project Flux.,answerable,broad,CF02,Project Helix uses Go.,False,,0.6516933326242599,,15
CQ12,Tell me about Project Flux.,answerable,broad,CF03,Project Helix depends on Redis.,False,,0.6331467001138598,,21
CQ12,Tell me about Project Flux.,answerable,broad,CF04,Project Helix is owned by Apex Labs.,False,,0.5782318005559468,,33
CQ12,Tell me about Project Flux.,answerable,broad,CF05,Project Helix is deployed in Frankfurt.,False,,0.6323817054887597,,22
CQ12,Tell me about Project Flux.,answerable,broad,CF06,Jonas works on Project Cascade.,False,,0.6418741084231953,,19
CQ12,Tell me about Project Flux.,answerable,broad,CF07,Project Cascade uses TypeScript.,False,,0.6708297072136947,,11
CQ12,Tell me about Project Flux.,answerable,broad,CF08,Project Cascade depends on Kafka.,False,,0.6784808167817106,,9
CQ12,Tell me about Project Flux.,answerable,broad,CF09,Project Cascade is owned by Northwind Systems.,False,,0.5685438786245464,,36
CQ12,Tell me about Project Flux.,answerable,broad,CF10,Project Cascade has status beta.,False,,0.6887503543132988,,7
CQ12,Tell me about Project Flux.,answerable,broad,CF11,Elena works on Project Prism.,False,,0.6375147283901895,,20
CQ12,Tell me about Project Flux.,answerable,broad,CF12,Project Prism uses Kotlin.,False,,0.6448289898315169,,16
CQ12,Tell me about Project Flux.,answerable,broad,CF13,Project Prism depends on Grafana.,False,,0.6427675938258846,,17
CQ12,Tell me about Project Flux.,answerable,broad,CF14,Project Prism currently uses Go for the API layer.,False,,0.6585624938018299,,13
CQ12,Tell me about Project Flux.,answerable,broad,CF15,Project Prism previously used Python for the API layer.,False,HN8,0.6426513166319976,,18
CQ12,Tell me about Project Flux.,answerable,broad,CF16,Theo works on Project Quasar.,False,,0.6308823085721844,,24
CQ12,Tell me about Project Flux.,answerable,broad,CF17,Project Quasar uses Elixir.,False,,0.6865818833634258,,8
CQ12,Tell me about Project Flux.,answerable,broad,CF18,Project Quasar depends on Celery.,False,,0.6764731565908242,,10
CQ12,Tell me about Project Flux.,answerable,broad,CF19,Project Quasar supports feature streaming.,False,,0.69625637799706,,6
CQ12,Tell me about Project Flux.,answerable,broad,CF20,Project Quasar does NOT support feature streaming.,False,HN6,0.6306691350222022,,25
CQ12,Tell me about Project Flux.,answerable,broad,CF21,Nadia works on Project Ember.,False,,0.6309920883252759,,23
CQ12,Tell me about Project Flux.,answerable,broad,CF22,Project Ember uses PostgreSQL in production.,False,,0.580682107118071,,32
CQ12,Tell me about Project Flux.,answerable,broad,CF23,Project Ember uses SQLite in tests.,False,,0.5432710720666226,,37
CQ12,Tell me about Project Flux.,answerable,broad,CF24,Feature auth is enabled by default in Project Ember.,False,,0.5244112368084449,,38
CQ12,Tell me about Project Flux.,answerable,broad,CF25,Feature auth is enabled only when DEBUG_MODE=true in Project Ember.,False,,0.49521155727038463,,39
CQ12,Tell me about Project Flux.,answerable,broad,CF26,Owen works on Project Lattice.,False,,0.6002380876734998,,28
CQ12,Tell me about Project Flux.,answerable,broad,CF27,Project Lattice requires more than 16 GB of memory.,False,,0.5991256399473941,,29
CQ12,Tell me about Project Flux.,answerable,broad,CF28,Project Lattice requires less than 16 GB of memory.,False,HN12,0.5888894124504245,,31
CQ12,Tell me about Project Flux.,answerable,broad,CF29,Project Lattice is deployed in Singapore.,False,,0.6213403619435226,,26
CQ12,Tell me about Project Flux.,answerable,broad,CF30,Priya confirmed migration Lattice-Blue.,False,,0.5768754698844852,,34
CQ12,Tell me about Project Flux.,answerable,broad,CF31,Kai works on Project Flux.,True,,0.7907127260193179,,4
CQ12,Tell me about Project Flux.,answerable,broad,CF32,Project Flux uses Go.,True,,0.8337923713965487,,1
CQ12,Tell me about Project Flux.,answerable,broad,CF33,Kai said that Priya may confirm migration Lattice-Blue.,False,HN11|HN4,0.4751192086968032,,40
CQ12,Tell me about Project Flux.,answerable,broad,CF34,Project Flux has status alpha.,True,,0.8268162722802921,,2
CQ12,Tell me about Project Flux.,answerable,broad,CF35,Project Flux is owned by Apex Labs.,True,,0.7918363274047105,,3
CQ12,Tell me about Project Flux.,answerable,broad,CF36,Priya works on Project Harbor.,False,,0.5948978038887299,,30
CQ12,Tell me about Project Flux.,answerable,broad,CF37,Project Harbor uses TypeScript.,False,,0.6689421356362694,,12
CQ12,Tell me about Project Flux.,answerable,broad,CF38,Project Harbor depends on Redis.,False,,0.6056117400006606,,27
CQ12,Tell me about Project Flux.,answerable,broad,CF39,Project Harbor has status GA.,False,,0.5760007599200966,,35
CQ12,Tell me about Project Flux.,answerable,broad,CF40,Project HelixCore uses Ruby.,False,HN6,0.6518089612766655,,14
CQ13,Who works on Project Zephyr?,no_answer,nonexistent,CF01,Mira works on Project Helix.,False,,0.6444771530678689,,3
CQ13,Who works on Project Zephyr?,no_answer,nonexistent,CF02,Project Helix uses Go.,False,,0.5935397759711639,,24
CQ13,Who works on Project Zephyr?,no_answer,nonexistent,CF03,Project Helix depends on Redis.,False,,0.6172608376710748,,17
CQ13,Who works on Project Zephyr?,no_answer,nonexistent,CF04,Project Helix is owned by Apex Labs.,False,,0.5721006706816507,,31
CQ13,Who works on Project Zephyr?,no_answer,nonexistent,CF05,Project Helix is deployed in Frankfurt.,False,,0.6163248550516985,,18
CQ13,Who works on Project Zephyr?,no_answer,nonexistent,CF06,Jonas works on Project Cascade.,False,,0.6369002553933286,,9
CQ13,Who works on Project Zephyr?,no_answer,nonexistent,CF07,Project Cascade uses TypeScript.,False,,0.5920738395758157,,25
CQ13,Who works on Project Zephyr?,no_answer,nonexistent,CF08,Project Cascade depends on Kafka.,False,,0.5879979605427071,,26
CQ13,Who works on Project Zephyr?,no_answer,nonexistent,CF09,Project Cascade is owned by Northwind Systems.,False,,0.5499977843449282,,35
CQ13,Who works on Project Zephyr?,no_answer,nonexistent,CF10,Project Cascade has status beta.,False,,0.6155573120299376,,20
CQ13,Who works on Project Zephyr?,no_answer,nonexistent,CF11,Elena works on Project Prism.,False,,0.6350731573554793,,11
CQ13,Who works on Project Zephyr?,no_answer,nonexistent,CF12,Project Prism uses Kotlin.,False,,0.6377366771576424,,8
CQ13,Who works on Project Zephyr?,no_answer,nonexistent,CF13,Project Prism depends on Grafana.,False,,0.5682922262712606,,32
CQ13,Who works on Project Zephyr?,no_answer,nonexistent,CF14,Project Prism currently uses Go for the API layer.,False,,0.6201500777315054,,15
CQ13,Who works on Project Zephyr?,no_answer,nonexistent,CF15,Project Prism previously used Python for the API layer.,False,,0.6341786241464812,,12
CQ13,Who works on Project Zephyr?,no_answer,nonexistent,CF16,Theo works on Project Quasar.,False,,0.6461866067313576,,2
CQ13,Who works on Project Zephyr?,no_answer,nonexistent,CF17,Project Quasar uses Elixir.,False,,0.6826910368308443,,1
CQ13,Who works on Project Zephyr?,no_answer,nonexistent,CF18,Project Quasar depends on Celery.,False,,0.6364547002705909,,10
CQ13,Who works on Project Zephyr?,no_answer,nonexistent,CF19,Project Quasar supports feature streaming.,False,,0.6412733320586741,,4
CQ13,Who works on Project Zephyr?,no_answer,nonexistent,CF20,Project Quasar does NOT support feature streaming.,False,,0.5824426429121748,,30
CQ13,Who works on Project Zephyr?,no_answer,nonexistent,CF21,Nadia works on Project Ember.,False,,0.638758117739458,,6
CQ13,Who works on Project Zephyr?,no_answer,nonexistent,CF22,Project Ember uses PostgreSQL in production.,False,,0.5842308665064995,,29
CQ13,Who works on Project Zephyr?,no_answer,nonexistent,CF23,Project Ember uses SQLite in tests.,False,,0.5433607171054013,,36
CQ13,Who works on Project Zephyr?,no_answer,nonexistent,CF24,Feature auth is enabled by default in Project Ember.,False,,0.4798851297727013,,38
CQ13,Who works on Project Zephyr?,no_answer,nonexistent,CF25,Feature auth is enabled only when DEBUG_MODE=true in Project Ember.,False,,0.4692075062757925,,39
CQ13,Who works on Project Zephyr?,no_answer,nonexistent,CF26,Owen works on Project Lattice.,False,,0.616152939134275,,19
CQ13,Who works on Project Zephyr?,no_answer,nonexistent,CF27,Project Lattice requires more than 16 GB of memory.,False,,0.5618567821458549,,33
CQ13,Who works on Project Zephyr?,no_answer,nonexistent,CF28,Project Lattice requires less than 16 GB of memory.,False,,0.5539383881106131,,34
CQ13,Who works on Project Zephyr?,no_answer,nonexistent,CF29,Project Lattice is deployed in Singapore.,False,,0.5874443896998582,,27
CQ13,Who works on Project Zephyr?,no_answer,nonexistent,CF30,Priya confirmed migration Lattice-Blue.,False,,0.48779039350999365,,37
CQ13,Who works on Project Zephyr?,no_answer,nonexistent,CF31,Kai works on Project Flux.,False,,0.6303533884975575,,13
CQ13,Who works on Project Zephyr?,no_answer,nonexistent,CF32,Project Flux uses Go.,False,,0.6193874332148513,,16
CQ13,Who works on Project Zephyr?,no_answer,nonexistent,CF33,Kai said that Priya may confirm migration Lattice-Blue.,False,,0.4179304522897512,,40
CQ13,Who works on Project Zephyr?,no_answer,nonexistent,CF34,Project Flux has status alpha.,False,,0.637947392181447,,7
CQ13,Who works on Project Zephyr?,no_answer,nonexistent,CF35,Project Flux is owned by Apex Labs.,False,,0.6142722475692677,,22
CQ13,Who works on Project Zephyr?,no_answer,nonexistent,CF36,Priya works on Project Harbor.,False,,0.5994501972862558,,23
CQ13,Who works on Project Zephyr?,no_answer,nonexistent,CF37,Project Harbor uses TypeScript.,False,,0.6254206028871839,,14
CQ13,Who works on Project Zephyr?,no_answer,nonexistent,CF38,Project Harbor depends on Redis.,False,,0.6150077875119163,,21
CQ13,Who works on Project Zephyr?,no_answer,nonexistent,CF39,Project Harbor has status GA.,False,,0.586145597496432,,28
CQ13,Who works on Project Zephyr?,no_answer,nonexistent,CF40,Project HelixCore uses Ruby.,False,,0.6392284720664839,,5
CQ14,What language does Project Orion use?,no_answer,nonexistent,CF01,Mira works on Project Helix.,False,,0.6447954155260909,,10
CQ14,What language does Project Orion use?,no_answer,nonexistent,CF02,Project Helix uses Go.,False,,0.6365659229245664,,12
CQ14,What language does Project Orion use?,no_answer,nonexistent,CF03,Project Helix depends on Redis.,False,,0.5992091631812638,,22
CQ14,What language does Project Orion use?,no_answer,nonexistent,CF04,Project Helix is owned by Apex Labs.,False,,0.5658990971863487,,31
CQ14,What language does Project Orion use?,no_answer,nonexistent,CF05,Project Helix is deployed in Frankfurt.,False,,0.6250452312159925,,17
CQ14,What language does Project Orion use?,no_answer,nonexistent,CF06,Jonas works on Project Cascade.,False,,0.6360815769620675,,13
CQ14,What language does Project Orion use?,no_answer,nonexistent,CF07,Project Cascade uses TypeScript.,False,,0.6870915919284706,,5
CQ14,What language does Project Orion use?,no_answer,nonexistent,CF08,Project Cascade depends on Kafka.,False,,0.6377786554296434,,11
CQ14,What language does Project Orion use?,no_answer,nonexistent,CF09,Project Cascade is owned by Northwind Systems.,False,,0.5652204495523614,,32
CQ14,What language does Project Orion use?,no_answer,nonexistent,CF10,Project Cascade has status beta.,False,,0.6665017763931813,,8
CQ14,What language does Project Orion use?,no_answer,nonexistent,CF11,Elena works on Project Prism.,False,,0.5987339238024691,,24
CQ14,What language does Project Orion use?,no_answer,nonexistent,CF12,Project Prism uses Kotlin.,False,,0.7233171390861027,,1
CQ14,What language does Project Orion use?,no_answer,nonexistent,CF13,Project Prism depends on Grafana.,False,,0.5947775831740867,,26
CQ14,What language does Project Orion use?,no_answer,nonexistent,CF14,Project Prism currently uses Go for the API layer.,False,,0.7111282827446646,,2
CQ14,What language does Project Orion use?,no_answer,nonexistent,CF15,Project Prism previously used Python for the API layer.,False,,0.7026693289947457,,4
CQ14,What language does Project Orion use?,no_answer,nonexistent,CF16,Theo works on Project Quasar.,False,,0.6193975385110344,,18
CQ14,What language does Project Orion use?,no_answer,nonexistent,CF17,Project Quasar uses Elixir.,False,,0.674221558677934,,7
CQ14,What language does Project Orion use?,no_answer,nonexistent,CF18,Project Quasar depends on Celery.,False,,0.608187232657381,,21
CQ14,What language does Project Orion use?,no_answer,nonexistent,CF19,Project Quasar supports feature streaming.,False,,0.6765054321434428,,6
CQ14,What language does Project Orion use?,no_answer,nonexistent,CF20,Project Quasar does NOT support feature streaming.,False,,0.6148771344623407,,20
CQ14,What language does Project Orion use?,no_answer,nonexistent,CF21,Nadia works on Project Ember.,False,,0.5645917962378244,,33
CQ14,What language does Project Orion use?,no_answer,nonexistent,CF22,Project Ember uses PostgreSQL in production.,False,,0.6292381805562388,,15
CQ14,What language does Project Orion use?,no_answer,nonexistent,CF23,Project Ember uses SQLite in tests.,False,,0.5602637560649752,,34
CQ14,What language does Project Orion use?,no_answer,nonexistent,CF24,Feature auth is enabled by default in Project Ember.,False,,0.5460069506166214,,36
CQ14,What language does Project Orion use?,no_answer,nonexistent,CF25,Feature auth is enabled only when DEBUG_MODE=true in Project Ember.,False,,0.5138521703907218,,38
CQ14,What language does Project Orion use?,no_answer,nonexistent,CF26,Owen works on Project Lattice.,False,,0.5092752716514588,,39
CQ14,What language does Project Orion use?,no_answer,nonexistent,CF27,Project Lattice requires more than 16 GB of memory.,False,,0.5961321215438236,,25
CQ14,What language does Project Orion use?,no_answer,nonexistent,CF28,Project Lattice requires less than 16 GB of memory.,False,,0.5872176115409433,,27
CQ14,What language does Project Orion use?,no_answer,nonexistent,CF29,Project Lattice is deployed in Singapore.,False,,0.6183500253887403,,19
CQ14,What language does Project Orion use?,no_answer,nonexistent,CF30,Priya confirmed migration Lattice-Blue.,False,,0.5396928422936864,,37
CQ14,What language does Project Orion use?,no_answer,nonexistent,CF31,Kai works on Project Flux.,False,,0.5502898790976726,,35
CQ14,What language does Project Orion use?,no_answer,nonexistent,CF32,Project Flux uses Go.,False,,0.627399293703465,,16
CQ14,What language does Project Orion use?,no_answer,nonexistent,CF33,Kai said that Priya may confirm migration Lattice-Blue.,False,,0.44150974211085053,,40
CQ14,What language does Project Orion use?,no_answer,nonexistent,CF34,Project Flux has status alpha.,False,,0.6297119691230715,,14
CQ14,What language does Project Orion use?,no_answer,nonexistent,CF35,Project Flux is owned by Apex Labs.,False,,0.5797124080491838,,29
CQ14,What language does Project Orion use?,no_answer,nonexistent,CF36,Priya works on Project Harbor.,False,,0.5726009373583566,,30
CQ14,What language does Project Orion use?,no_answer,nonexistent,CF37,Project Harbor uses TypeScript.,False,,0.7092035888984445,,3
CQ14,What language does Project Orion use?,no_answer,nonexistent,CF38,Project Harbor depends on Redis.,False,,0.5988134254359188,,23
CQ14,What language does Project Orion use?,no_answer,nonexistent,CF39,Project Harbor has status GA.,False,,0.5851322267035651,,28
CQ14,What language does Project Orion use?,no_answer,nonexistent,CF40,Project HelixCore uses Ruby.,False,,0.6488229746685447,,9
CQ15,Where is Project Nova deployed?,no_answer,nonexistent,CF01,Mira works on Project Helix.,False,,0.5759251955112684,,26
CQ15,Where is Project Nova deployed?,no_answer,nonexistent,CF02,Project Helix uses Go.,False,,0.5862851753766242,,21
CQ15,Where is Project Nova deployed?,no_answer,nonexistent,CF03,Project Helix depends on Redis.,False,,0.5817930297153444,,23
CQ15,Where is Project Nova deployed?,no_answer,nonexistent,CF04,Project Helix is owned by Apex Labs.,False,,0.5725765097972001,,29
CQ15,Where is Project Nova deployed?,no_answer,nonexistent,CF05,Project Helix is deployed in Frankfurt.,False,,0.6552153970481753,,2
CQ15,Where is Project Nova deployed?,no_answer,nonexistent,CF06,Jonas works on Project Cascade.,False,,0.5701548922129336,,31
CQ15,Where is Project Nova deployed?,no_answer,nonexistent,CF07,Project Cascade uses TypeScript.,False,,0.5764452828746527,,25
CQ15,Where is Project Nova deployed?,no_answer,nonexistent,CF08,Project Cascade depends on Kafka.,False,,0.5984553961176267,,17
CQ15,Where is Project Nova deployed?,no_answer,nonexistent,CF09,Project Cascade is owned by Northwind Systems.,False,,0.5904335572941912,,18
CQ15,Where is Project Nova deployed?,no_answer,nonexistent,CF10,Project Cascade has status beta.,False,,0.6304454406024179,,6
CQ15,Where is Project Nova deployed?,no_answer,nonexistent,CF11,Elena works on Project Prism.,False,,0.6017980904390905,,14
CQ15,Where is Project Nova deployed?,no_answer,nonexistent,CF12,Project Prism uses Kotlin.,False,,0.5891232737872139,,20
CQ15,Where is Project Nova deployed?,no_answer,nonexistent,CF13,Project Prism depends on Grafana.,False,,0.5740614864477509,,28
CQ15,Where is Project Nova deployed?,no_answer,nonexistent,CF14,Project Prism currently uses Go for the API layer.,False,,0.6264489411077011,,9
CQ15,Where is Project Nova deployed?,no_answer,nonexistent,CF15,Project Prism previously used Python for the API layer.,False,,0.6145220485537128,,12
CQ15,Where is Project Nova deployed?,no_answer,nonexistent,CF16,Theo works on Project Quasar.,False,,0.5740953526743202,,27
CQ15,Where is Project Nova deployed?,no_answer,nonexistent,CF17,Project Quasar uses Elixir.,False,,0.6406294790551778,,5
CQ15,Where is Project Nova deployed?,no_answer,nonexistent,CF18,Project Quasar depends on Celery.,False,,0.624103175062565,,11
CQ15,Where is Project Nova deployed?,no_answer,nonexistent,CF19,Project Quasar supports feature streaming.,False,,0.6295660465731243,,7
CQ15,Where is Project Nova deployed?,no_answer,nonexistent,CF20,Project Quasar does NOT support feature streaming.,False,,0.5815211099589181,,24
CQ15,Where is Project Nova deployed?,no_answer,nonexistent,CF21,Nadia works on Project Ember.,False,,0.5587666364701515,,32
CQ15,Where is Project Nova deployed?,no_answer,nonexistent,CF22,Project Ember uses PostgreSQL in production.,False,,0.5891884958105646,,19
CQ15,Where is Project Nova deployed?,no_answer,nonexistent,CF23,Project Ember uses SQLite in tests.,False,,0.5431270798306095,,34
CQ15,Where is Project Nova deployed?,no_answer,nonexistent,CF24,Feature auth is enabled by default in Project Ember.,False,,0.5710450848183365,,30
CQ15,Where is Project Nova deployed?,no_answer,nonexistent,CF25,Feature auth is enabled only when DEBUG_MODE=true in Project Ember.,False,,0.5251937658955684,,35
CQ15,Where is Project Nova deployed?,no_answer,nonexistent,CF26,Owen works on Project Lattice.,False,,0.5228927995703639,,36
CQ15,Where is Project Nova deployed?,no_answer,nonexistent,CF27,Project Lattice requires more than 16 GB of memory.,False,,0.5180026594602967,,38
CQ15,Where is Project Nova deployed?,no_answer,nonexistent,CF28,Project Lattice requires less than 16 GB of memory.,False,,0.511244522311977,,39
CQ15,Where is Project Nova deployed?,no_answer,nonexistent,CF29,Project Lattice is deployed in Singapore.,False,,0.7109380784130057,,1
CQ15,Where is Project Nova deployed?,no_answer,nonexistent,CF30,Priya confirmed migration Lattice-Blue.,False,,0.5202549125140582,,37
CQ15,Where is Project Nova deployed?,no_answer,nonexistent,CF31,Kai works on Project Flux.,False,,0.6009107816548817,,15
CQ15,Where is Project Nova deployed?,no_answer,nonexistent,CF32,Project Flux uses Go.,False,,0.5996994750431449,,16
CQ15,Where is Project Nova deployed?,no_answer,nonexistent,CF33,Kai said that Priya may confirm migration Lattice-Blue.,False,,0.4362277291148079,,40
CQ15,Where is Project Nova deployed?,no_answer,nonexistent,CF34,Project Flux has status alpha.,False,,0.6293608930032314,,8
CQ15,Where is Project Nova deployed?,no_answer,nonexistent,CF35,Project Flux is owned by Apex Labs.,False,,0.6040193552978562,,13
CQ15,Where is Project Nova deployed?,no_answer,nonexistent,CF36,Priya works on Project Harbor.,False,,0.5857056757222315,,22
CQ15,Where is Project Nova deployed?,no_answer,nonexistent,CF37,Project Harbor uses TypeScript.,False,,0.6483894173808029,,3
CQ15,Where is Project Nova deployed?,no_answer,nonexistent,CF38,Project Harbor depends on Redis.,False,,0.6253692921261663,,10
CQ15,Where is Project Nova deployed?,no_answer,nonexistent,CF39,Project Harbor has status GA.,False,,0.6457976703186794,,4
CQ15,Where is Project Nova deployed?,no_answer,nonexistent,CF40,Project HelixCore uses Ruby.,False,,0.5475627883055655,,33
CQ16,Who owns Project Atlas?,no_answer,nonexistent,CF01,Mira works on Project Helix.,False,,0.575934800537592,,19
CQ16,Who owns Project Atlas?,no_answer,nonexistent,CF02,Project Helix uses Go.,False,,0.6081610460645692,,10
CQ16,Who owns Project Atlas?,no_answer,nonexistent,CF03,Project Helix depends on Redis.,False,,0.5896612091743063,,16
CQ16,Who owns Project Atlas?,no_answer,nonexistent,CF04,Project Helix is owned by Apex Labs.,False,,0.6960616513861956,,2
CQ16,Who owns Project Atlas?,no_answer,nonexistent,CF05,Project Helix is deployed in Frankfurt.,False,,0.5731155995144567,,22
CQ16,Who owns Project Atlas?,no_answer,nonexistent,CF06,Jonas works on Project Cascade.,False,,0.552946615187761,,30
CQ16,Who owns Project Atlas?,no_answer,nonexistent,CF07,Project Cascade uses TypeScript.,False,,0.5914137881251806,,15
CQ16,Who owns Project Atlas?,no_answer,nonexistent,CF08,Project Cascade depends on Kafka.,False,,0.585763904101572,,17
CQ16,Who owns Project Atlas?,no_answer,nonexistent,CF09,Project Cascade is owned by Northwind Systems.,False,,0.6725028299028302,,3
CQ16,Who owns Project Atlas?,no_answer,nonexistent,CF10,Project Cascade has status beta.,False,,0.6030112084673102,,14
CQ16,Who owns Project Atlas?,no_answer,nonexistent,CF11,Elena works on Project Prism.,False,,0.5732604291632853,,21
CQ16,Who owns Project Atlas?,no_answer,nonexistent,CF12,Project Prism uses Kotlin.,False,,0.6150005387063225,,8
CQ16,Who owns Project Atlas?,no_answer,nonexistent,CF13,Project Prism depends on Grafana.,False,,0.5732836827668855,,20
CQ16,Who owns Project Atlas?,no_answer,nonexistent,CF14,Project Prism currently uses Go for the API layer.,False,,0.6614515780674857,,4
CQ16,Who owns Project Atlas?,no_answer,nonexistent,CF15,Project Prism previously used Python for the API layer.,False,,0.6548707526857319,,5
CQ16,Who owns Project Atlas?,no_answer,nonexistent,CF16,Theo works on Project Quasar.,False,,0.5640048436032261,,24
CQ16,Who owns Project Atlas?,no_answer,nonexistent,CF17,Project Quasar uses Elixir.,False,,0.582935621085425,,18
CQ16,Who owns Project Atlas?,no_answer,nonexistent,CF18,Project Quasar depends on Celery.,False,,0.5569988727802818,,26
CQ16,Who owns Project Atlas?,no_answer,nonexistent,CF19,Project Quasar supports feature streaming.,False,,0.6036496071348924,,13
CQ16,Who owns Project Atlas?,no_answer,nonexistent,CF20,Project Quasar does NOT support feature streaming.,False,,0.5534864503336453,,29
CQ16,Who owns Project Atlas?,no_answer,nonexistent,CF21,Nadia works on Project Ember.,False,,0.49332429473232187,,36
CQ16,Who owns Project Atlas?,no_answer,nonexistent,CF22,Project Ember uses PostgreSQL in production.,False,,0.5546211963887032,,27
CQ16,Who owns Project Atlas?,no_answer,nonexistent,CF23,Project Ember uses SQLite in tests.,False,,0.5050521716367475,,35
CQ16,Who owns Project Atlas?,no_answer,nonexistent,CF24,Feature auth is enabled by default in Project Ember.,False,,0.4748877591215181,,37
CQ16,Who owns Project Atlas?,no_answer,nonexistent,CF25,Feature auth is enabled only when DEBUG_MODE=true in Project Ember.,False,,0.4348661611766155,,39
CQ16,Who owns Project Atlas?,no_answer,nonexistent,CF26,Owen works on Project Lattice.,False,,0.5471409095425189,,31
CQ16,Who owns Project Atlas?,no_answer,nonexistent,CF27,Project Lattice requires more than 16 GB of memory.,False,,0.5541731780691969,,28
CQ16,Who owns Project Atlas?,no_answer,nonexistent,CF28,Project Lattice requires less than 16 GB of memory.,False,,0.5305776637255902,,34
CQ16,Who owns Project Atlas?,no_answer,nonexistent,CF29,Project Lattice is deployed in Singapore.,False,,0.6089176769569697,,9
CQ16,Who owns Project Atlas?,no_answer,nonexistent,CF30,Priya confirmed migration Lattice-Blue.,False,,0.4748833435380368,,38
CQ16,Who owns Project Atlas?,no_answer,nonexistent,CF31,Kai works on Project Flux.,False,,0.5371014045734985,,33
CQ16,Who owns Project Atlas?,no_answer,nonexistent,CF32,Project Flux uses Go.,False,,0.6060537136499993,,11
CQ16,Who owns Project Atlas?,no_answer,nonexistent,CF33,Kai said that Priya may confirm migration Lattice-Blue.,False,,0.3877837635509326,,40
CQ16,Who owns Project Atlas?,no_answer,nonexistent,CF34,Project Flux has status alpha.,False,,0.5711598901011156,,23
CQ16,Who owns Project Atlas?,no_answer,nonexistent,CF35,Project Flux is owned by Apex Labs.,False,,0.707208539142171,,1
CQ16,Who owns Project Atlas?,no_answer,nonexistent,CF36,Priya works on Project Harbor.,False,,0.5391791252234942,,32
CQ16,Who owns Project Atlas?,no_answer,nonexistent,CF37,Project Harbor uses TypeScript.,False,,0.6229245696449337,,6
CQ16,Who owns Project Atlas?,no_answer,nonexistent,CF38,Project Harbor depends on Redis.,False,,0.6060537064510573,,12
CQ16,Who owns Project Atlas?,no_answer,nonexistent,CF39,Project Harbor has status GA.,False,,0.6164722039623791,,7
CQ16,Who owns Project Atlas?,no_answer,nonexistent,CF40,Project HelixCore uses Ruby.,False,,0.5580614794199431,,25
CQ17,Who founded Project Helix?,no_answer,unsupported,CF01,Mira works on Project Helix.,False,,0.7286223314288446,,6
CQ17,Who founded Project Helix?,no_answer,unsupported,CF02,Project Helix uses Go.,False,,0.77006769421808,,2
CQ17,Who founded Project Helix?,no_answer,unsupported,CF03,Project Helix depends on Redis.,False,,0.7301983535201466,,5
CQ17,Who founded Project Helix?,no_answer,unsupported,CF04,Project Helix is owned by Apex Labs.,False,,0.8231532810000467,,1
CQ17,Who founded Project Helix?,no_answer,unsupported,CF05,Project Helix is deployed in Frankfurt.,False,,0.7403331315446346,,3
CQ17,Who founded Project Helix?,no_answer,unsupported,CF06,Jonas works on Project Cascade.,False,,0.5677971288205909,,18
CQ17,Who founded Project Helix?,no_answer,unsupported,CF07,Project Cascade uses TypeScript.,False,,0.5805487500905291,,15
CQ17,Who founded Project Helix?,no_answer,unsupported,CF08,Project Cascade depends on Kafka.,False,,0.5281607126685495,,30
CQ17,Who founded Project Helix?,no_answer,unsupported,CF09,Project Cascade is owned by Northwind Systems.,False,,0.5662215438189456,,20
CQ17,Who founded Project Helix?,no_answer,unsupported,CF10,Project Cascade has status beta.,False,,0.5962917307628356,,11
CQ17,Who founded Project Helix?,no_answer,unsupported,CF11,Elena works on Project Prism.,False,,0.5381184360579269,,25
CQ17,Who founded Project Helix?,no_answer,unsupported,CF12,Project Prism uses Kotlin.,False,,0.6045954694514925,,9
CQ17,Who founded Project Helix?,no_answer,unsupported,CF13,Project Prism depends on Grafana.,False,,0.5034638583847347,,32
CQ17,Who founded Project Helix?,no_answer,unsupported,CF14,Project Prism currently uses Go for the API layer.,False,,0.5829337801235615,,13
CQ17,Who founded Project Helix?,no_answer,unsupported,CF15,Project Prism previously used Python for the API layer.,False,,0.6166426683407272,,8
CQ17,Who founded Project Helix?,no_answer,unsupported,CF16,Theo works on Project Quasar.,False,,0.5758563903022633,,16
CQ17,Who founded Project Helix?,no_answer,unsupported,CF17,Project Quasar uses Elixir.,False,,0.583716160013566,,12
CQ17,Who founded Project Helix?,no_answer,unsupported,CF18,Project Quasar depends on Celery.,False,,0.542155813209188,,24
CQ17,Who founded Project Helix?,no_answer,unsupported,CF19,Project Quasar supports feature streaming.,False,,0.5308730909452495,,29
CQ17,Who founded Project Helix?,no_answer,unsupported,CF20,Project Quasar does NOT support feature streaming.,False,,0.5024148837219012,,33
CQ17,Who founded Project Helix?,no_answer,unsupported,CF21,Nadia works on Project Ember.,False,,0.5664525908054351,,19
CQ17,Who founded Project Helix?,no_answer,unsupported,CF22,Project Ember uses PostgreSQL in production.,False,,0.5315328570369373,,28
CQ17,Who founded Project Helix?,no_answer,unsupported,CF23,Project Ember uses SQLite in tests.,False,,0.5023601026034645,,34
CQ17,Who founded Project Helix?,no_answer,unsupported,CF24,Feature auth is enabled by default in Project Ember.,False,,0.4979654750267029,,35
CQ17,Who founded Project Helix?,no_answer,unsupported,CF25,Feature auth is enabled only when DEBUG_MODE=true in Project Ember.,False,,0.46145386614840983,,38
CQ17,Who founded Project Helix?,no_answer,unsupported,CF26,Owen works on Project Lattice.,False,,0.547478500232276,,22
CQ17,Who founded Project Helix?,no_answer,unsupported,CF27,Project Lattice requires more than 16 GB of memory.,False,,0.4860105608377469,,36
CQ17,Who founded Project Helix?,no_answer,unsupported,CF28,Project Lattice requires less than 16 GB of memory.,False,,0.4635676427228718,,37
CQ17,Who founded Project Helix?,no_answer,unsupported,CF29,Project Lattice is deployed in Singapore.,False,,0.5458658792303119,,23
CQ17,Who founded Project Helix?,no_answer,unsupported,CF30,Priya confirmed migration Lattice-Blue.,False,,0.4117032110175648,,39
CQ17,Who founded Project Helix?,no_answer,unsupported,CF31,Kai works on Project Flux.,False,,0.5523245836596266,,21
CQ17,Who founded Project Helix?,no_answer,unsupported,CF32,Project Flux uses Go.,False,,0.5729645719476476,,17
CQ17,Who founded Project Helix?,no_answer,unsupported,CF33,Kai said that Priya may confirm migration Lattice-Blue.,False,,0.35944412002503673,,40
CQ17,Who founded Project Helix?,no_answer,unsupported,CF34,Project Flux has status alpha.,False,,0.5809847493343164,,14
CQ17,Who founded Project Helix?,no_answer,unsupported,CF35,Project Flux is owned by Apex Labs.,False,,0.6540394784055393,,7
CQ17,Who founded Project Helix?,no_answer,unsupported,CF36,Priya works on Project Harbor.,False,,0.5204431735862408,,31
CQ17,Who founded Project Helix?,no_answer,unsupported,CF37,Project Harbor uses TypeScript.,False,,0.5971888371653354,,10
CQ17,Who founded Project Helix?,no_answer,unsupported,CF38,Project Harbor depends on Redis.,False,,0.5376408638023324,,26
CQ17,Who founded Project Helix?,no_answer,unsupported,CF39,Project Harbor has status GA.,False,,0.5352399872878053,,27
CQ17,Who founded Project Helix?,no_answer,unsupported,CF40,Project HelixCore uses Ruby.,False,,0.7308999030198852,,4
CQ18,When was Project Cascade started?,no_answer,unsupported,CF01,Mira works on Project Helix.,False,,0.6263836248964058,,11
CQ18,When was Project Cascade started?,no_answer,unsupported,CF02,Project Helix uses Go.,False,,0.5886918570702571,,18
CQ18,When was Project Cascade started?,no_answer,unsupported,CF03,Project Helix depends on Redis.,False,,0.5692340843943717,,27
CQ18,When was Project Cascade started?,no_answer,unsupported,CF04,Project Helix is owned by Apex Labs.,False,,0.539565715628365,,32
CQ18,When was Project Cascade started?,no_answer,unsupported,CF05,Project Helix is deployed in Frankfurt.,False,,0.6360214521572402,,8
CQ18,When was Project Cascade started?,no_answer,unsupported,CF06,Jonas works on Project Cascade.,False,,0.7562962603185113,,3
CQ18,When was Project Cascade started?,no_answer,unsupported,CF07,Project Cascade uses TypeScript.,False,,0.7608057821066548,,2
CQ18,When was Project Cascade started?,no_answer,unsupported,CF08,Project Cascade depends on Kafka.,False,,0.7351222166660825,,5
CQ18,When was Project Cascade started?,no_answer,unsupported,CF09,Project Cascade is owned by Northwind Systems.,False,,0.7539679542459976,,4
CQ18,When was Project Cascade started?,no_answer,unsupported,CF10,Project Cascade has status beta.,False,,0.8092525811098946,,1
CQ18,When was Project Cascade started?,no_answer,unsupported,CF11,Elena works on Project Prism.,False,,0.6162705838580973,,14
CQ18,When was Project Cascade started?,no_answer,unsupported,CF12,Project Prism uses Kotlin.,False,,0.6347528168181341,,9
CQ18,When was Project Cascade started?,no_answer,unsupported,CF13,Project Prism depends on Grafana.,False,,0.5906094060414298,,16
CQ18,When was Project Cascade started?,no_answer,unsupported,CF14,Project Prism currently uses Go for the API layer.,False,,0.6275242646853633,,10
CQ18,When was Project Cascade started?,no_answer,unsupported,CF15,Project Prism previously used Python for the API layer.,False,,0.6487640507369954,,6
CQ18,When was Project Cascade started?,no_answer,unsupported,CF16,Theo works on Project Quasar.,False,,0.543381519597227,,31
CQ18,When was Project Cascade started?,no_answer,unsupported,CF17,Project Quasar uses Elixir.,False,,0.5762124112322787,,25
CQ18,When was Project Cascade started?,no_answer,unsupported,CF18,Project Quasar depends on Celery.,False,,0.5460239156764849,,30
CQ18,When was Project Cascade started?,no_answer,unsupported,CF19,Project Quasar supports feature streaming.,False,,0.5751509024216184,,26
CQ18,When was Project Cascade started?,no_answer,unsupported,CF20,Project Quasar does NOT support feature streaming.,False,,0.5317179289885358,,34
CQ18,When was Project Cascade started?,no_answer,unsupported,CF21,Nadia works on Project Ember.,False,,0.5873059927733694,,19
CQ18,When was Project Cascade started?,no_answer,unsupported,CF22,Project Ember uses PostgreSQL in production.,False,,0.5674101263204351,,28
CQ18,When was Project Cascade started?,no_answer,unsupported,CF23,Project Ember uses SQLite in tests.,False,,0.5349736698657109,,33
CQ18,When was Project Cascade started?,no_answer,unsupported,CF24,Feature auth is enabled by default in Project Ember.,False,,0.5072218668154238,,38
CQ18,When was Project Cascade started?,no_answer,unsupported,CF25,Feature auth is enabled only when DEBUG_MODE=true in Project Ember.,False,,0.4813968929708406,,39
CQ18,When was Project Cascade started?,no_answer,unsupported,CF26,Owen works on Project Lattice.,False,,0.555804033560394,,29
CQ18,When was Project Cascade started?,no_answer,unsupported,CF27,Project Lattice requires more than 16 GB of memory.,False,,0.5254476200107995,,35
CQ18,When was Project Cascade started?,no_answer,unsupported,CF28,Project Lattice requires less than 16 GB of memory.,False,,0.522854612464534,,36
CQ18,When was Project Cascade started?,no_answer,unsupported,CF29,Project Lattice is deployed in Singapore.,False,,0.5899045959094559,,17
CQ18,When was Project Cascade started?,no_answer,unsupported,CF30,Priya confirmed migration Lattice-Blue.,False,,0.5125093328214717,,37
CQ18,When was Project Cascade started?,no_answer,unsupported,CF31,Kai works on Project Flux.,False,,0.5845147014051233,,23
CQ18,When was Project Cascade started?,no_answer,unsupported,CF32,Project Flux uses Go.,False,,0.6180796450595835,,13
CQ18,When was Project Cascade started?,no_answer,unsupported,CF33,Kai said that Priya may confirm migration Lattice-Blue.,False,,0.40774455258190556,,40
CQ18,When was Project Cascade started?,no_answer,unsupported,CF34,Project Flux has status alpha.,False,,0.6400783652188043,,7
CQ18,When was Project Cascade started?,no_answer,unsupported,CF35,Project Flux is owned by Apex Labs.,False,,0.5868761606997687,,20
CQ18,When was Project Cascade started?,no_answer,unsupported,CF36,Priya works on Project Harbor.,False,,0.585963190318461,,22
CQ18,When was Project Cascade started?,no_answer,unsupported,CF37,Project Harbor uses TypeScript.,False,,0.6223624951893784,,12
CQ18,When was Project Cascade started?,no_answer,unsupported,CF38,Project Harbor depends on Redis.,False,,0.5800719307770714,,24
CQ18,When was Project Cascade started?,no_answer,unsupported,CF39,Project Harbor has status GA.,False,,0.5866688988329188,,21
CQ18,When was Project Cascade started?,no_answer,unsupported,CF40,Project HelixCore uses Ruby.,False,,0.5937947517522963,,15
CQ19,What is the license of Project Prism?,no_answer,unsupported,CF01,Mira works on Project Helix.,False,,0.6053815253269529,,17
CQ19,What is the license of Project Prism?,no_answer,unsupported,CF02,Project Helix uses Go.,False,,0.6144493722394365,,13
CQ19,What is the license of Project Prism?,no_answer,unsupported,CF03,Project Helix depends on Redis.,False,,0.5805868915663801,,21
CQ19,What is the license of Project Prism?,no_answer,unsupported,CF04,Project Helix is owned by Apex Labs.,False,,0.6217833690393659,,10
CQ19,What is the license of Project Prism?,no_answer,unsupported,CF05,Project Helix is deployed in Frankfurt.,False,,0.5428413885886038,,29
CQ19,What is the license of Project Prism?,no_answer,unsupported,CF06,Jonas works on Project Cascade.,False,,0.5481415263160194,,28
CQ19,What is the license of Project Prism?,no_answer,unsupported,CF07,Project Cascade uses TypeScript.,False,,0.6473743455506812,,6
CQ19,What is the license of Project Prism?,no_answer,unsupported,CF08,Project Cascade depends on Kafka.,False,,0.5798164827878035,,22
CQ19,What is the license of Project Prism?,no_answer,unsupported,CF09,Project Cascade is owned by Northwind Systems.,False,,0.6188862482385918,,11
CQ19,What is the license of Project Prism?,no_answer,unsupported,CF10,Project Cascade has status beta.,False,,0.6407640752358891,,7
CQ19,What is the license of Project Prism?,no_answer,unsupported,CF11,Elena works on Project Prism.,False,,0.7060197194921102,,5
CQ19,What is the license of Project Prism?,no_answer,unsupported,CF12,Project Prism uses Kotlin.,False,,0.7704854752642653,,3
CQ19,What is the license of Project Prism?,no_answer,unsupported,CF13,Project Prism depends on Grafana.,False,,0.7130562492949298,,4
CQ19,What is the license of Project Prism?,no_answer,unsupported,CF14,Project Prism currently uses Go for the API layer.,False,,0.7801698397319019,,2
CQ19,What is the license of Project Prism?,no_answer,unsupported,CF15,Project Prism previously used Python for the API layer.,False,,0.7817443771935102,,1
CQ19,What is the license of Project Prism?,no_answer,unsupported,CF16,Theo works on Project Quasar.,False,,0.5424142127525245,,30
CQ19,What is the license of Project Prism?,no_answer,unsupported,CF17,Project Quasar uses Elixir.,False,,0.6125822607874936,,14
CQ19,What is the license of Project Prism?,no_answer,unsupported,CF18,Project Quasar depends on Celery.,False,,0.5567173908269514,,26
CQ19,What is the license of Project Prism?,no_answer,unsupported,CF19,Project Quasar supports feature streaming.,False,,0.6292082204361154,,9
CQ19,What is the license of Project Prism?,no_answer,unsupported,CF20,Project Quasar does NOT support feature streaming.,False,,0.6096801666619183,,16
CQ19,What is the license of Project Prism?,no_answer,unsupported,CF21,Nadia works on Project Ember.,False,,0.5215390824630586,,35
CQ19,What is the license of Project Prism?,no_answer,unsupported,CF22,Project Ember uses PostgreSQL in production.,False,,0.581097231778896,,20
CQ19,What is the license of Project Prism?,no_answer,unsupported,CF23,Project Ember uses SQLite in tests.,False,,0.5381811028126974,,32
CQ19,What is the license of Project Prism?,no_answer,unsupported,CF24,Feature auth is enabled by default in Project Ember.,False,,0.5297849342378715,,34
CQ19,What is the license of Project Prism?,no_answer,unsupported,CF25,Feature auth is enabled only when DEBUG_MODE=true in Project Ember.,False,,0.5002723498178272,,39
CQ19,What is the license of Project Prism?,no_answer,unsupported,CF26,Owen works on Project Lattice.,False,,0.539846614701267,,31
CQ19,What is the license of Project Prism?,no_answer,unsupported,CF27,Project Lattice requires more than 16 GB of memory.,False,,0.5680414215204689,,23
CQ19,What is the license of Project Prism?,no_answer,unsupported,CF28,Project Lattice requires less than 16 GB of memory.,False,,0.5665794700803013,,25
CQ19,What is the license of Project Prism?,no_answer,unsupported,CF29,Project Lattice is deployed in Singapore.,False,,0.631031919783588,,8
CQ19,What is the license of Project Prism?,no_answer,unsupported,CF30,Priya confirmed migration Lattice-Blue.,False,,0.5144740352968952,,38
CQ19,What is the license of Project Prism?,no_answer,unsupported,CF31,Kai works on Project Flux.,False,,0.5370420500436693,,33
CQ19,What is the license of Project Prism?,no_answer,unsupported,CF32,Project Flux uses Go.,False,,0.5870957876524786,,19
CQ19,What is the license of Project Prism?,no_answer,unsupported,CF33,Kai said that Priya may confirm migration Lattice-Blue.,False,,0.40256425473117413,,40
CQ19,What is the license of Project Prism?,no_answer,unsupported,CF34,Project Flux has status alpha.,False,,0.5677059733064392,,24
CQ19,What is the license of Project Prism?,no_answer,unsupported,CF35,Project Flux is owned by Apex Labs.,False,,0.612134882195404,,15
CQ19,What is the license of Project Prism?,no_answer,unsupported,CF36,Priya works on Project Harbor.,False,,0.5171907144489907,,37
CQ19,What is the license of Project Prism?,no_answer,unsupported,CF37,Project Harbor uses TypeScript.,False,,0.6181485330309697,,12
CQ19,What is the license of Project Prism?,no_answer,unsupported,CF38,Project Harbor depends on Redis.,False,,0.5189957034942234,,36
CQ19,What is the license of Project Prism?,no_answer,unsupported,CF39,Project Harbor has status GA.,False,,0.5515180253962818,,27
CQ19,What is the license of Project Prism?,no_answer,unsupported,CF40,Project HelixCore uses Ruby.,False,,0.6051071592642714,,18
CQ20,How many users does Project Quasar have?,no_answer,unsupported,CF01,Mira works on Project Helix.,False,,0.5971355598594948,,16
CQ20,How many users does Project Quasar have?,no_answer,unsupported,CF02,Project Helix uses Go.,False,,0.6103468424517026,,12
CQ20,How many users does Project Quasar have?,no_answer,unsupported,CF03,Project Helix depends on Redis.,False,,0.6087968815155095,,13
CQ20,How many users does Project Quasar have?,no_answer,unsupported,CF04,Project Helix is owned by Apex Labs.,False,,0.5941750698647585,,18
CQ20,How many users does Project Quasar have?,no_answer,unsupported,CF05,Project Helix is deployed in Frankfurt.,False,,0.5779888546343976,,22
CQ20,How many users does Project Quasar have?,no_answer,unsupported,CF06,Jonas works on Project Cascade.,False,,0.5133722204915018,,34
CQ20,How many users does Project Quasar have?,no_answer,unsupported,CF07,Project Cascade uses TypeScript.,False,,0.5645494953988122,,25
CQ20,How many users does Project Quasar have?,no_answer,unsupported,CF08,Project Cascade depends on Kafka.,False,,0.6395123672746268,,6
CQ20,How many users does Project Quasar have?,no_answer,unsupported,CF09,Project Cascade is owned by Northwind Systems.,False,,0.5613715267902207,,26
CQ20,How many users does Project Quasar have?,no_answer,unsupported,CF10,Project Cascade has status beta.,False,,0.6118622081296871,,11
CQ20,How many users does Project Quasar have?,no_answer,unsupported,CF11,Elena works on Project Prism.,False,,0.5432008121553137,,30
CQ20,How many users does Project Quasar have?,no_answer,unsupported,CF12,Project Prism uses Kotlin.,False,,0.594683777010573,,17
CQ20,How many users does Project Quasar have?,no_answer,unsupported,CF13,Project Prism depends on Grafana.,False,,0.55761709672726,,27
CQ20,How many users does Project Quasar have?,no_answer,unsupported,CF14,Project Prism currently uses Go for the API layer.,False,,0.6153191478492236,,8
CQ20,How many users does Project Quasar have?,no_answer,unsupported,CF15,Project Prism previously used Python for the API layer.,False,,0.6135561457820807,,10
CQ20,How many users does Project Quasar have?,no_answer,unsupported,CF16,Theo works on Project Quasar.,False,,0.6984881684416225,,5
CQ20,How many users does Project Quasar have?,no_answer,unsupported,CF17,Project Quasar uses Elixir.,False,,0.7766014985949047,,2
CQ20,How many users does Project Quasar have?,no_answer,unsupported,CF18,Project Quasar depends on Celery.,False,,0.7512204816834154,,3
CQ20,How many users does Project Quasar have?,no_answer,unsupported,CF19,Project Quasar supports feature streaming.,False,,0.7776278583297764,,1
CQ20,How many users does Project Quasar have?,no_answer,unsupported,CF20,Project Quasar does NOT support feature streaming.,False,,0.7278697540200525,,4
CQ20,How many users does Project Quasar have?,no_answer,unsupported,CF21,Nadia works on Project Ember.,False,,0.4998289630043226,,38
CQ20,How many users does Project Quasar have?,no_answer,unsupported,CF22,Project Ember uses PostgreSQL in production.,False,,0.5867660086879329,,19
CQ20,How many users does Project Quasar have?,no_answer,unsupported,CF23,Project Ember uses SQLite in tests.,False,,0.5161570113511926,,32
CQ20,How many users does Project Quasar have?,no_answer,unsupported,CF24,Feature auth is enabled by default in Project Ember.,False,,0.5134523905609869,,33
CQ20,How many users does Project Quasar have?,no_answer,unsupported,CF25,Feature auth is enabled only when DEBUG_MODE=true in Project Ember.,False,,0.5068672580400821,,36
CQ20,How many users does Project Quasar have?,no_answer,unsupported,CF26,Owen works on Project Lattice.,False,,0.5109821525480476,,35
CQ20,How many users does Project Quasar have?,no_answer,unsupported,CF27,Project Lattice requires more than 16 GB of memory.,False,,0.6046440567274552,,15
CQ20,How many users does Project Quasar have?,no_answer,unsupported,CF28,Project Lattice requires less than 16 GB of memory.,False,,0.580020782816492,,21
CQ20,How many users does Project Quasar have?,no_answer,unsupported,CF29,Project Lattice is deployed in Singapore.,False,,0.5650749272363385,,24
CQ20,How many users does Project Quasar have?,no_answer,unsupported,CF30,Priya confirmed migration Lattice-Blue.,False,,0.4999502462695584,,37
CQ20,How many users does Project Quasar have?,no_answer,unsupported,CF31,Kai works on Project Flux.,False,,0.5438895120192457,,29
CQ20,How many users does Project Quasar have?,no_answer,unsupported,CF32,Project Flux uses Go.,False,,0.6059933473440059,,14
CQ20,How many users does Project Quasar have?,no_answer,unsupported,CF33,Kai said that Priya may confirm migration Lattice-Blue.,False,,0.39665653047099414,,40
CQ20,How many users does Project Quasar have?,no_answer,unsupported,CF34,Project Flux has status alpha.,False,,0.5844815514194754,,20
CQ20,How many users does Project Quasar have?,no_answer,unsupported,CF35,Project Flux is owned by Apex Labs.,False,,0.6144189053170881,,9
CQ20,How many users does Project Quasar have?,no_answer,unsupported,CF36,Priya works on Project Harbor.,False,,0.48124558446302507,,39
CQ20,How many users does Project Quasar have?,no_answer,unsupported,CF37,Project Harbor uses TypeScript.,False,,0.5722368817673082,,23
CQ20,How many users does Project Quasar have?,no_answer,unsupported,CF38,Project Harbor depends on Redis.,False,,0.5509501518318842,,28
CQ20,How many users does Project Quasar have?,no_answer,unsupported,CF39,Project Harbor has status GA.,False,,0.5167059435364604,,31
CQ20,How many users does Project Quasar have?,no_answer,unsupported,CF40,Project HelixCore uses Ruby.,False,,0.6231575537336351,,7
